<?xml version="1.0" encoding="UTF-8" standalone="no" ?>
<gpx xmlns="http://www.topografix.com/GPX/1/1" creator="OruxMaps v.10.5.0 GP" version="1.1" xmlns:gpxtpx="http://www.garmin.com/xmlschemas/TrackPointExtension/v2" xmlns:xsi="http://www.w3.org/2001/XMLSchema-instance" xmlns:om="http://www.oruxmaps.com/oruxmapsextensions/1/0" xsi:schemaLocation="http://www.topografix.com/GPX/1/1 http://www.topografix.com/GPX/1/1/gpx.xsd">
<!-- owner: ba6e6e5031d655 -->
<metadata>
<name><![CDATA[2026-07-25 06:08:01 Kaluder, Plaski Vogel]]></name>
<link href="https://www.oruxmaps.com">
<text>OruxMaps GP</text>
</link>
<time>2026-07-25T04:08:01.582Z</time><bounds maxlat="46.3379081" maxlon="13.7507506" minlat="46.2926455" minlon="13.6845402"/>
</metadata>
<wpt lat="46.3319567" lon="13.6896917">
<ele>623.66</ele>
<time>2026-07-25T04:08:01.782Z</time>
<name><![CDATA[]]></name>
<sym>Waypoint</sym>
<type>Starting Point</type>
<extensions>
<om:oruxmapsextensions>
<om:ext type="ICON" subtype="0">38</om:ext>
</om:oruxmapsextensions>
</extensions>
</wpt>
<wpt lat="46.3321346" lon="13.6897535">
<ele>620.54</ele>
<time>2026-07-25T18:00:29.527Z</time>
<name><![CDATA[]]></name>
<desc><![CDATA[<p><br /><h3>Name: Segment: 1</h3><br />Type: Hiking<br/>Start time: 06:08 25 Jul 2026<br/>Finish time: 19:59 25 Jul 2026<br/>Distance: 30,4km (13:51)<br/>Moving time: 10:37<br/>Average speed: 2,19 km/h<br/>Avg. Speed Mov: 2,86 km/h<br/>Max. speed: 44,72 km/h<br/>Minimum altitude: 664 m<br/>Maximum altitude: 2368 m<br/>Ascent speed: 570,5 m/h<br/>Descent speed: 569,0 m/h<br/>Elevation gain: 3022 m<br/>Elevation loss: 3026 m<br/>Ascent time: 05:17<br/>Descent time: 05:19<br/></p>]]></desc>
<sym>Waypoint</sym>
<type>Finishing Point</type>
<extensions>
<om:oruxmapsextensions>
<om:ext type="ICON" subtype="0">15</om:ext>
</om:oruxmapsextensions>
</extensions>
</wpt>
<trk>
<name><![CDATA[2026-07-25 06:08:01 Kaluder, Plaski Vogel]]></name>
<desc><![CDATA[<p>Type: Hiking<br/>Start time: 06:08 25 Jul 2026<br/>Finish time: 19:59 25 Jul 2026<br/>Distance: 25,5 km (13:51)<br/>Moving time: 10:49<br/>Average speed: 1,84 km/h<br/>Avg. Speed Mov: 2,36 km/h<br/>Max. speed: 12,01 km/h<br/>Minimum altitude: 619 m<br/>Maximum altitude: 2312 m<br/>Ascent speed: 383,0 m/h<br/>Descent speed: 377,7 m/h<br/>Elevation gain: 2632 m<br/>Elevation loss: 2634 m<br/>Ascent time: 06:52<br/>Descent time: 06:58<br/>Min. HRM: 80<br/>Max. HRM: 169<br/>Avg. HRM: 123<br/>Calories: 6577<br/></p><hr align="center" width="480" style="height: 2px; width: 517px"/>]]></desc>
<type>Hiking</type>
<extensions>
<om:oruxmapsextensions>
<om:ext type="TYPE" subtype="0">5</om:ext>
<om:ext type="DIFFICULTY">0</om:ext>
</om:oruxmapsextensions>
</extensions>
<trkseg>
<trkpt lat="46.3319567" lon="13.6896917">
<ele>623.66</ele>
<time>2026-07-25T04:08:01.078Z</time>
</trkpt>
<trkpt lat="46.3320250" lon="13.6896783">
<ele>622.66</ele>
<time>2026-07-25T04:08:16.078Z</time>
</trkpt>
<trkpt lat="46.3320683" lon="13.6896333">
<ele>622.22</ele>
<time>2026-07-25T04:09:03.078Z</time>
</trkpt>
<trkpt lat="46.3322464" lon="13.6895793">
<ele>619.63</ele>
<time>2026-07-25T04:09:34.669Z</time>
</trkpt>
<trkpt lat="46.3321248" lon="13.6893854">
<ele>622.61</ele>
<time>2026-07-25T04:10:00.233Z</time>
</trkpt>
<trkpt lat="46.3319782" lon="13.6892343">
<ele>626.00</ele>
<time>2026-07-25T04:10:14.672Z</time>
</trkpt>
<trkpt lat="46.3318442" lon="13.6890508">
<ele>629.27</ele>
<time>2026-07-25T04:10:31.768Z</time>
</trkpt>
<trkpt lat="46.3317977" lon="13.6887961">
<ele>631.21</ele>
<time>2026-07-25T04:10:48.788Z</time>
</trkpt>
<trkpt lat="46.3318246" lon="13.6885307">
<ele>631.78</ele>
<time>2026-07-25T04:11:04.349Z</time>
</trkpt>
<trkpt lat="46.3317799" lon="13.6882705">
<ele>634.31</ele>
<time>2026-07-25T04:11:20.831Z</time>
</trkpt>
<trkpt lat="46.3317021" lon="13.6880326">
<ele>638.84</ele>
<time>2026-07-25T04:11:47.852Z</time>
</trkpt>
<trkpt lat="46.3315269" lon="13.6879551">
<ele>643.97</ele>
<time>2026-07-25T04:12:05.009Z</time>
</trkpt>
<trkpt lat="46.3315021" lon="13.6876958">
<ele>647.75</ele>
<time>2026-07-25T04:12:21.651Z</time>
</trkpt>
<trkpt lat="46.3314902" lon="13.6874220">
<ele>651.31</ele>
<time>2026-07-25T04:12:37.871Z</time>
</trkpt>
<trkpt lat="46.3314475" lon="13.6871631">
<ele>655.40</ele>
<time>2026-07-25T04:12:53.869Z</time>
</trkpt>
<trkpt lat="46.3314315" lon="13.6868988">
<ele>658.92</ele>
<time>2026-07-25T04:13:08.930Z</time>
</trkpt>
<trkpt lat="46.3313716" lon="13.6866522">
<ele>663.72</ele>
<time>2026-07-25T04:13:26.708Z</time>
</trkpt>
<trkpt lat="46.3312544" lon="13.6864456">
<ele>670.13</ele>
<time>2026-07-25T04:13:41.669Z</time>
</trkpt>
<trkpt lat="46.3310756" lon="13.6863849">
<ele>677.34</ele>
<time>2026-07-25T04:14:01.092Z</time>
</trkpt>
<trkpt lat="46.3309164" lon="13.6865100">
<ele>680.96</ele>
<time>2026-07-25T04:14:55.650Z</time>
</trkpt>
<trkpt lat="46.3307326" lon="13.6864547">
<ele>688.53</ele>
<time>2026-07-25T04:15:10.113Z</time>
</trkpt>
<trkpt lat="46.3305507" lon="13.6864212">
<ele>695.89</ele>
<time>2026-07-25T04:15:27.870Z</time>
</trkpt>
<trkpt lat="46.3303838" lon="13.6863187">
<ele>704.12</ele>
<time>2026-07-25T04:15:51.630Z</time>
</trkpt>
<trkpt lat="46.3302093" lon="13.6862366">
<ele>712.37</ele>
<time>2026-07-25T04:16:06.012Z</time>
</trkpt>
<trkpt lat="46.3300590" lon="13.6860925">
<ele>721.13</ele>
<time>2026-07-25T04:16:23.750Z</time>
</trkpt>
<trkpt lat="46.3299326" lon="13.6862787">
<ele>721.47</ele>
<time>2026-07-25T04:16:58.829Z</time>
</trkpt>
<trkpt lat="46.3297768" lon="13.6861291">
<ele>729.09</ele>
<time>2026-07-25T04:17:13.992Z</time>
</trkpt>
<trkpt lat="46.3295952" lon="13.6860963">
<ele>734.90</ele>
<time>2026-07-25T04:17:38.114Z</time>
</trkpt>
<trkpt lat="46.3294142" lon="13.6860877">
<ele>740.20</ele>
<time>2026-07-25T04:17:55.117Z</time>
</trkpt>
<trkpt lat="46.3292415" lon="13.6860134">
<ele>745.99</ele>
<time>2026-07-25T04:18:29.572Z</time>
</trkpt>
<trkpt lat="46.3291313" lon="13.6858075">
<ele>751.14</ele>
<time>2026-07-25T04:18:53.171Z</time>
</trkpt>
<trkpt lat="46.3289470" lon="13.6857893">
<ele>755.55</ele>
<time>2026-07-25T04:19:19.828Z</time>
</trkpt>
<trkpt lat="46.3288301" lon="13.6855867">
<ele>760.57</ele>
<time>2026-07-25T04:19:53.770Z</time>
</trkpt>
<trkpt lat="46.3286578" lon="13.6855105">
<ele>765.15</ele>
<time>2026-07-25T04:20:24.150Z</time>
</trkpt>
<trkpt lat="46.3285370" lon="13.6853147">
<ele>769.79</ele>
<time>2026-07-25T04:20:45.032Z</time>
</trkpt>
<trkpt lat="46.3284445" lon="13.6850782">
<ele>774.08</ele>
<time>2026-07-25T04:21:06.111Z</time>
</trkpt>
<trkpt lat="46.3283066" lon="13.6848984">
<ele>778.75</ele>
<time>2026-07-25T04:21:21.912Z</time>
</trkpt>
<trkpt lat="46.3281274" lon="13.6848416">
<ele>780.75</ele>
<time>2026-07-25T04:21:41.094Z</time>
</trkpt>
<trkpt lat="46.3279545" lon="13.6847578">
<ele>783.18</ele>
<time>2026-07-25T04:21:59.104Z</time>
</trkpt>
<trkpt lat="46.3277746" lon="13.6848272">
<ele>783.19</ele>
<time>2026-07-25T04:22:17.949Z</time>
</trkpt>
<trkpt lat="46.3276008" lon="13.6849152">
<ele>782.81</ele>
<time>2026-07-25T04:22:33.072Z</time>
</trkpt>
<trkpt lat="46.3274243" lon="13.6848544">
<ele>785.30</ele>
<time>2026-07-25T04:23:13.209Z</time>
</trkpt>
<trkpt lat="46.3272437" lon="13.6848232">
<ele>787.87</ele>
<time>2026-07-25T04:23:41.572Z</time>
</trkpt>
<trkpt lat="46.3270636" lon="13.6848391">
<ele>789.62</ele>
<time>2026-07-25T04:24:15.873Z</time>
</trkpt>
<trkpt lat="46.3269861" lon="13.6850817">
<ele>786.92</ele>
<time>2026-07-25T04:24:32.751Z</time>
</trkpt>
<trkpt lat="46.3268092" lon="13.6851659">
<ele>788.23</ele>
<time>2026-07-25T04:24:48.788Z</time>
</trkpt>
<trkpt lat="46.3266364" lon="13.6850753">
<ele>790.95</ele>
<time>2026-07-25T04:25:06.068Z</time>
</trkpt>
<trkpt lat="46.3265029" lon="13.6848811">
<ele>795.87</ele>
<time>2026-07-25T04:25:27.851Z</time>
</trkpt>
<trkpt lat="46.3263366" lon="13.6847774">
<ele>800.18</ele>
<time>2026-07-25T04:25:46.192Z</time>
</trkpt>
<trkpt lat="46.3261633" lon="13.6847004">
<ele>803.91</ele>
<time>2026-07-25T04:26:03.070Z</time>
</trkpt>
<trkpt lat="46.3259774" lon="13.6846930">
<ele>806.65</ele>
<time>2026-07-25T04:26:20.098Z</time>
</trkpt>
<trkpt lat="46.3257909" lon="13.6846446">
<ele>810.68</ele>
<time>2026-07-25T04:26:36.030Z</time>
</trkpt>
<trkpt lat="46.3256077" lon="13.6847279">
<ele>815.85</ele>
<time>2026-07-25T04:26:54.049Z</time>
</trkpt>
<trkpt lat="46.3254730" lon="13.6845402">
<ele>822.34</ele>
<time>2026-07-25T04:27:27.111Z</time>
</trkpt>
<trkpt lat="46.3252861" lon="13.6845840">
<ele>828.05</ele>
<time>2026-07-25T04:27:52.052Z</time>
</trkpt>
<trkpt lat="46.3251059" lon="13.6846421">
<ele>833.48</ele>
<time>2026-07-25T04:28:15.510Z</time>
</trkpt>
<trkpt lat="46.3249272" lon="13.6847021">
<ele>839.73</ele>
<time>2026-07-25T04:28:35.990Z</time>
</trkpt>
<trkpt lat="46.3247603" lon="13.6848277">
<ele>846.20</ele>
<time>2026-07-25T04:28:56.152Z</time>
</trkpt>
<trkpt lat="46.3246417" lon="13.6850345">
<ele>850.26</ele>
<time>2026-07-25T04:29:15.168Z</time>
</trkpt>
<trkpt lat="46.3245237" lon="13.6852328">
<ele>855.40</ele>
<time>2026-07-25T04:29:31.890Z</time>
</trkpt>
<trkpt lat="46.3243698" lon="13.6853747">
<ele>862.64</ele>
<time>2026-07-25T04:29:53.652Z</time>
</trkpt>
<trkpt lat="46.3242547" lon="13.6855803">
<ele>868.31</ele>
<time>2026-07-25T04:30:28.192Z</time>
</trkpt>
<trkpt lat="46.3240737" lon="13.6855945">
<ele>877.13</ele>
<time>2026-07-25T04:30:55.051Z</time>
</trkpt>
<trkpt lat="46.3238977" lon="13.6856621">
<ele>885.51</ele>
<time>2026-07-25T04:31:27.111Z</time>
</trkpt>
<trkpt lat="46.3239023" lon="13.6859272">
<ele>886.10</ele>
<time>2026-07-25T04:31:55.730Z</time>
</trkpt>
<trkpt lat="46.3239951" lon="13.6861518">
<ele>883.84</ele>
<time>2026-07-25T04:32:11.949Z</time>
</trkpt>
<trkpt lat="46.3239747" lon="13.6864176">
<ele>887.00</ele>
<time>2026-07-25T04:32:40.116Z</time>
</trkpt>
<trkpt lat="46.3238281" lon="13.6865743">
<ele>893.96</ele>
<time>2026-07-25T04:33:09.193Z</time>
</trkpt>
<trkpt lat="46.3236479" lon="13.6866336">
<ele>901.14</ele>
<time>2026-07-25T04:33:31.932Z</time>
</trkpt>
<trkpt lat="46.3234677" lon="13.6866933">
<ele>907.53</ele>
<time>2026-07-25T04:33:50.449Z</time>
</trkpt>
<trkpt lat="46.3232851" lon="13.6867158">
<ele>914.17</ele>
<time>2026-07-25T04:34:06.392Z</time>
</trkpt>
<trkpt lat="46.3231033" lon="13.6867202">
<ele>922.28</ele>
<time>2026-07-25T04:34:26.791Z</time>
</trkpt>
<trkpt lat="46.3229521" lon="13.6868626">
<ele>926.90</ele>
<time>2026-07-25T04:34:40.792Z</time>
</trkpt>
<trkpt lat="46.3227791" lon="13.6869501">
<ele>933.86</ele>
<time>2026-07-25T04:35:04.991Z</time>
</trkpt>
<trkpt lat="46.3226244" lon="13.6870951">
<ele>939.67</ele>
<time>2026-07-25T04:35:28.068Z</time>
<extensions>
<gpxtpx:TrackPointExtension>
<gpxtpx:hr>139</gpxtpx:hr>
</gpxtpx:TrackPointExtension>
</extensions>
</trkpt>
<trkpt lat="46.3224628" lon="13.6872166">
<ele>947.10</ele>
<time>2026-07-25T04:35:52.191Z</time>
<extensions>
<gpxtpx:TrackPointExtension>
<gpxtpx:hr>142</gpxtpx:hr>
</gpxtpx:TrackPointExtension>
</extensions>
</trkpt>
<trkpt lat="46.3223076" lon="13.6873555">
<ele>955.55</ele>
<time>2026-07-25T04:36:17.491Z</time>
<extensions>
<gpxtpx:TrackPointExtension>
<gpxtpx:hr>143</gpxtpx:hr>
</gpxtpx:TrackPointExtension>
</extensions>
</trkpt>
<trkpt lat="46.3222008" lon="13.6875779">
<ele>961.89</ele>
<time>2026-07-25T04:36:41.996Z</time>
<extensions>
<gpxtpx:TrackPointExtension>
<gpxtpx:hr>146</gpxtpx:hr>
</gpxtpx:TrackPointExtension>
</extensions>
</trkpt>
<trkpt lat="46.3220304" lon="13.6876675">
<ele>975.08</ele>
<time>2026-07-25T04:37:11.848Z</time>
<extensions>
<gpxtpx:TrackPointExtension>
<gpxtpx:hr>152</gpxtpx:hr>
</gpxtpx:TrackPointExtension>
</extensions>
</trkpt>
<trkpt lat="46.3218431" lon="13.6876749">
<ele>988.25</ele>
<time>2026-07-25T04:38:01.029Z</time>
<extensions>
<gpxtpx:TrackPointExtension>
<gpxtpx:hr>151</gpxtpx:hr>
</gpxtpx:TrackPointExtension>
</extensions>
</trkpt>
<trkpt lat="46.3216692" lon="13.6877484">
<ele>1003.06</ele>
<time>2026-07-25T04:38:39.052Z</time>
<extensions>
<gpxtpx:TrackPointExtension>
<gpxtpx:hr>147</gpxtpx:hr>
</gpxtpx:TrackPointExtension>
</extensions>
</trkpt>
<trkpt lat="46.3217701" lon="13.6879758">
<ele>1003.26</ele>
<time>2026-07-25T04:39:07.184Z</time>
<extensions>
<gpxtpx:TrackPointExtension>
<gpxtpx:hr>152</gpxtpx:hr>
</gpxtpx:TrackPointExtension>
</extensions>
</trkpt>
<trkpt lat="46.3218754" lon="13.6881945">
<ele>1000.97</ele>
<time>2026-07-25T04:39:27.870Z</time>
<extensions>
<gpxtpx:TrackPointExtension>
<gpxtpx:hr>153</gpxtpx:hr>
</gpxtpx:TrackPointExtension>
</extensions>
</trkpt>
<trkpt lat="46.3218290" lon="13.6884562">
<ele>1010.32</ele>
<time>2026-07-25T04:39:48.808Z</time>
<extensions>
<gpxtpx:TrackPointExtension>
<gpxtpx:hr>153</gpxtpx:hr>
</gpxtpx:TrackPointExtension>
</extensions>
</trkpt>
<trkpt lat="46.3217281" lon="13.6886829">
<ele>1020.86</ele>
<time>2026-07-25T04:40:06.310Z</time>
<extensions>
<gpxtpx:TrackPointExtension>
<gpxtpx:hr>151</gpxtpx:hr>
</gpxtpx:TrackPointExtension>
</extensions>
</trkpt>
<trkpt lat="46.3216190" lon="13.6888945">
<ele>1029.99</ele>
<time>2026-07-25T04:40:24.154Z</time>
<extensions>
<gpxtpx:TrackPointExtension>
<gpxtpx:hr>150</gpxtpx:hr>
</gpxtpx:TrackPointExtension>
</extensions>
</trkpt>
<trkpt lat="46.3216712" lon="13.6891469">
<ele>1027.58</ele>
<time>2026-07-25T04:40:41.832Z</time>
<extensions>
<gpxtpx:TrackPointExtension>
<gpxtpx:hr>149</gpxtpx:hr>
</gpxtpx:TrackPointExtension>
</extensions>
</trkpt>
<trkpt lat="46.3215463" lon="13.6893517">
<ele>1031.12</ele>
<time>2026-07-25T04:40:55.411Z</time>
<extensions>
<gpxtpx:TrackPointExtension>
<gpxtpx:hr>149</gpxtpx:hr>
</gpxtpx:TrackPointExtension>
</extensions>
</trkpt>
<trkpt lat="46.3214032" lon="13.6895258">
<ele>1035.78</ele>
<time>2026-07-25T04:41:05.769Z</time>
<extensions>
<gpxtpx:TrackPointExtension>
<gpxtpx:hr>150</gpxtpx:hr>
</gpxtpx:TrackPointExtension>
</extensions>
</trkpt>
<trkpt lat="46.3212539" lon="13.6896899">
<ele>1041.05</ele>
<time>2026-07-25T04:41:17.868Z</time>
<extensions>
<gpxtpx:TrackPointExtension>
<gpxtpx:hr>151</gpxtpx:hr>
</gpxtpx:TrackPointExtension>
</extensions>
</trkpt>
<trkpt lat="46.3211122" lon="13.6898948">
<ele>1045.21</ele>
<time>2026-07-25T04:41:27.849Z</time>
<extensions>
<gpxtpx:TrackPointExtension>
<gpxtpx:hr>144</gpxtpx:hr>
</gpxtpx:TrackPointExtension>
</extensions>
</trkpt>
<trkpt lat="46.3210314" lon="13.6901327">
<ele>1044.80</ele>
<time>2026-07-25T04:41:38.710Z</time>
<extensions>
<gpxtpx:TrackPointExtension>
<gpxtpx:hr>136</gpxtpx:hr>
</gpxtpx:TrackPointExtension>
</extensions>
</trkpt>
<trkpt lat="46.3209971" lon="13.6903990">
<ele>1040.67</ele>
<time>2026-07-25T04:41:52.610Z</time>
<extensions>
<gpxtpx:TrackPointExtension>
<gpxtpx:hr>127</gpxtpx:hr>
</gpxtpx:TrackPointExtension>
</extensions>
</trkpt>
<trkpt lat="46.3208683" lon="13.6905859">
<ele>1043.67</ele>
<time>2026-07-25T04:42:06.812Z</time>
<extensions>
<gpxtpx:TrackPointExtension>
<gpxtpx:hr>129</gpxtpx:hr>
</gpxtpx:TrackPointExtension>
</extensions>
</trkpt>
<trkpt lat="46.3207492" lon="13.6907993">
<ele>1044.96</ele>
<time>2026-07-25T04:42:18.649Z</time>
<extensions>
<gpxtpx:TrackPointExtension>
<gpxtpx:hr>131</gpxtpx:hr>
</gpxtpx:TrackPointExtension>
</extensions>
</trkpt>
<trkpt lat="46.3206682" lon="13.6910429">
<ele>1043.30</ele>
<time>2026-07-25T04:42:32.137Z</time>
<extensions>
<gpxtpx:TrackPointExtension>
<gpxtpx:hr>130</gpxtpx:hr>
</gpxtpx:TrackPointExtension>
</extensions>
</trkpt>
<trkpt lat="46.3205127" lon="13.6911883">
<ele>1047.52</ele>
<time>2026-07-25T04:42:47.512Z</time>
<extensions>
<gpxtpx:TrackPointExtension>
<gpxtpx:hr>133</gpxtpx:hr>
</gpxtpx:TrackPointExtension>
</extensions>
</trkpt>
<trkpt lat="46.3203733" lon="13.6913645">
<ele>1050.17</ele>
<time>2026-07-25T04:43:01.471Z</time>
<extensions>
<gpxtpx:TrackPointExtension>
<gpxtpx:hr>131</gpxtpx:hr>
</gpxtpx:TrackPointExtension>
</extensions>
</trkpt>
<trkpt lat="46.3202136" lon="13.6914850">
<ele>1055.05</ele>
<time>2026-07-25T04:43:16.070Z</time>
<extensions>
<gpxtpx:TrackPointExtension>
<gpxtpx:hr>125</gpxtpx:hr>
</gpxtpx:TrackPointExtension>
</extensions>
</trkpt>
<trkpt lat="46.3200409" lon="13.6915789">
<ele>1061.14</ele>
<time>2026-07-25T04:43:28.179Z</time>
<extensions>
<gpxtpx:TrackPointExtension>
<gpxtpx:hr>126</gpxtpx:hr>
</gpxtpx:TrackPointExtension>
</extensions>
</trkpt>
<trkpt lat="46.3198660" lon="13.6916399">
<ele>1067.30</ele>
<time>2026-07-25T04:43:37.511Z</time>
<extensions>
<gpxtpx:TrackPointExtension>
<gpxtpx:hr>129</gpxtpx:hr>
</gpxtpx:TrackPointExtension>
</extensions>
</trkpt>
<trkpt lat="46.3196879" lon="13.6917006">
<ele>1073.00</ele>
<time>2026-07-25T04:43:49.172Z</time>
<extensions>
<gpxtpx:TrackPointExtension>
<gpxtpx:hr>130</gpxtpx:hr>
</gpxtpx:TrackPointExtension>
</extensions>
</trkpt>
<trkpt lat="46.3195056" lon="13.6917498">
<ele>1079.34</ele>
<time>2026-07-25T04:44:07.469Z</time>
<extensions>
<gpxtpx:TrackPointExtension>
<gpxtpx:hr>126</gpxtpx:hr>
</gpxtpx:TrackPointExtension>
</extensions>
</trkpt>
<trkpt lat="46.3193732" lon="13.6919302">
<ele>1080.30</ele>
<time>2026-07-25T04:44:39.112Z</time>
<extensions>
<gpxtpx:TrackPointExtension>
<gpxtpx:hr>132</gpxtpx:hr>
</gpxtpx:TrackPointExtension>
</extensions>
</trkpt>
<trkpt lat="46.3191919" lon="13.6919055">
<ele>1089.38</ele>
<time>2026-07-25T04:45:04.688Z</time>
<extensions>
<gpxtpx:TrackPointExtension>
<gpxtpx:hr>144</gpxtpx:hr>
</gpxtpx:TrackPointExtension>
</extensions>
</trkpt>
<trkpt lat="46.3190814" lon="13.6921159">
<ele>1090.46</ele>
<time>2026-07-25T04:45:20.490Z</time>
<extensions>
<gpxtpx:TrackPointExtension>
<gpxtpx:hr>146</gpxtpx:hr>
</gpxtpx:TrackPointExtension>
</extensions>
</trkpt>
<trkpt lat="46.3189244" lon="13.6922484">
<ele>1096.11</ele>
<time>2026-07-25T04:45:36.829Z</time>
<extensions>
<gpxtpx:TrackPointExtension>
<gpxtpx:hr>148</gpxtpx:hr>
</gpxtpx:TrackPointExtension>
</extensions>
</trkpt>
<trkpt lat="46.3187632" lon="13.6923663">
<ele>1102.32</ele>
<time>2026-07-25T04:45:50.971Z</time>
<extensions>
<gpxtpx:TrackPointExtension>
<gpxtpx:hr>142</gpxtpx:hr>
</gpxtpx:TrackPointExtension>
</extensions>
</trkpt>
<trkpt lat="46.3186665" lon="13.6925936">
<ele>1102.54</ele>
<time>2026-07-25T04:46:08.729Z</time>
<extensions>
<gpxtpx:TrackPointExtension>
<gpxtpx:hr>137</gpxtpx:hr>
</gpxtpx:TrackPointExtension>
</extensions>
</trkpt>
<trkpt lat="46.3185967" lon="13.6928341">
<ele>1100.45</ele>
<time>2026-07-25T04:46:28.811Z</time>
<extensions>
<gpxtpx:TrackPointExtension>
<gpxtpx:hr>134</gpxtpx:hr>
</gpxtpx:TrackPointExtension>
</extensions>
</trkpt>
<trkpt lat="46.3185363" lon="13.6930873">
<ele>1096.73</ele>
<time>2026-07-25T04:46:50.992Z</time>
<extensions>
<gpxtpx:TrackPointExtension>
<gpxtpx:hr>135</gpxtpx:hr>
</gpxtpx:TrackPointExtension>
</extensions>
</trkpt>
<trkpt lat="46.3183613" lon="13.6931558">
<ele>1101.50</ele>
<time>2026-07-25T04:47:02.049Z</time>
<extensions>
<gpxtpx:TrackPointExtension>
<gpxtpx:hr>141</gpxtpx:hr>
</gpxtpx:TrackPointExtension>
</extensions>
</trkpt>
<trkpt lat="46.3181818" lon="13.6932167">
<ele>1112.02</ele>
<time>2026-07-25T04:47:13.152Z</time>
<extensions>
<gpxtpx:TrackPointExtension>
<gpxtpx:hr>139</gpxtpx:hr>
</gpxtpx:TrackPointExtension>
</extensions>
</trkpt>
<trkpt lat="46.3180014" lon="13.6932141">
<ele>1125.64</ele>
<time>2026-07-25T04:47:31.992Z</time>
<extensions>
<gpxtpx:TrackPointExtension>
<gpxtpx:hr>134</gpxtpx:hr>
</gpxtpx:TrackPointExtension>
</extensions>
</trkpt>
<trkpt lat="46.3178156" lon="13.6931818">
<ele>1140.53</ele>
<time>2026-07-25T04:47:54.811Z</time>
<extensions>
<gpxtpx:TrackPointExtension>
<gpxtpx:hr>138</gpxtpx:hr>
</gpxtpx:TrackPointExtension>
</extensions>
</trkpt>
<trkpt lat="46.3176350" lon="13.6931983">
<ele>1153.60</ele>
<time>2026-07-25T04:48:13.118Z</time>
<extensions>
<gpxtpx:TrackPointExtension>
<gpxtpx:hr>138</gpxtpx:hr>
</gpxtpx:TrackPointExtension>
</extensions>
</trkpt>
<trkpt lat="46.3174536" lon="13.6932180">
<ele>1166.35</ele>
<time>2026-07-25T04:48:46.127Z</time>
<extensions>
<gpxtpx:TrackPointExtension>
<gpxtpx:hr>132</gpxtpx:hr>
</gpxtpx:TrackPointExtension>
</extensions>
</trkpt>
<trkpt lat="46.3174975" lon="13.6935842">
<ele>1180.58</ele>
<time>2026-07-25T04:48:52.072Z</time>
<extensions>
<gpxtpx:TrackPointExtension>
<gpxtpx:hr>130</gpxtpx:hr>
</gpxtpx:TrackPointExtension>
</extensions>
</trkpt>
<trkpt lat="46.3173898" lon="13.6933736">
<ele>1170.27</ele>
<time>2026-07-25T04:49:06.129Z</time>
<extensions>
<gpxtpx:TrackPointExtension>
<gpxtpx:hr>123</gpxtpx:hr>
</gpxtpx:TrackPointExtension>
</extensions>
</trkpt>
<trkpt lat="46.3172615" lon="13.6935656">
<ele>1189.72</ele>
<time>2026-07-25T04:50:31.690Z</time>
<extensions>
<gpxtpx:TrackPointExtension>
<gpxtpx:hr>149</gpxtpx:hr>
</gpxtpx:TrackPointExtension>
</extensions>
</trkpt>
<trkpt lat="46.3170880" lon="13.6936363">
<ele>1200.55</ele>
<time>2026-07-25T04:51:09.829Z</time>
<extensions>
<gpxtpx:TrackPointExtension>
<gpxtpx:hr>148</gpxtpx:hr>
</gpxtpx:TrackPointExtension>
</extensions>
</trkpt>
<trkpt lat="46.3169034" lon="13.6936232">
<ele>1207.31</ele>
<time>2026-07-25T04:51:34.868Z</time>
<extensions>
<gpxtpx:TrackPointExtension>
<gpxtpx:hr>143</gpxtpx:hr>
</gpxtpx:TrackPointExtension>
</extensions>
</trkpt>
<trkpt lat="46.3170272" lon="13.6938576">
<ele>1210.99</ele>
<time>2026-07-25T04:52:43.788Z</time>
<extensions>
<gpxtpx:TrackPointExtension>
<gpxtpx:hr>142</gpxtpx:hr>
</gpxtpx:TrackPointExtension>
</extensions>
</trkpt>
<trkpt lat="46.3168657" lon="13.6939804">
<ele>1216.42</ele>
<time>2026-07-25T04:53:06.749Z</time>
<extensions>
<gpxtpx:TrackPointExtension>
<gpxtpx:hr>143</gpxtpx:hr>
</gpxtpx:TrackPointExtension>
</extensions>
</trkpt>
<trkpt lat="46.3166859" lon="13.6939449">
<ele>1217.29</ele>
<time>2026-07-25T04:53:35.572Z</time>
<extensions>
<gpxtpx:TrackPointExtension>
<gpxtpx:hr>140</gpxtpx:hr>
</gpxtpx:TrackPointExtension>
</extensions>
</trkpt>
<trkpt lat="46.3165100" lon="13.6938509">
<ele>1225.38</ele>
<time>2026-07-25T04:53:51.114Z</time>
<extensions>
<gpxtpx:TrackPointExtension>
<gpxtpx:hr>138</gpxtpx:hr>
</gpxtpx:TrackPointExtension>
</extensions>
</trkpt>
<trkpt lat="46.3163264" lon="13.6938475">
<ele>1234.94</ele>
<time>2026-07-25T04:54:12.143Z</time>
<extensions>
<gpxtpx:TrackPointExtension>
<gpxtpx:hr>134</gpxtpx:hr>
</gpxtpx:TrackPointExtension>
</extensions>
</trkpt>
<trkpt lat="46.3161421" lon="13.6937870">
<ele>1245.02</ele>
<time>2026-07-25T04:55:30.969Z</time>
<extensions>
<gpxtpx:TrackPointExtension>
<gpxtpx:hr>136</gpxtpx:hr>
</gpxtpx:TrackPointExtension>
</extensions>
</trkpt>
<trkpt lat="46.3159874" lon="13.6939239">
<ele>1251.72</ele>
<time>2026-07-25T04:56:16.649Z</time>
<extensions>
<gpxtpx:TrackPointExtension>
<gpxtpx:hr>141</gpxtpx:hr>
</gpxtpx:TrackPointExtension>
</extensions>
</trkpt>
<trkpt lat="46.3158058" lon="13.6938990">
<ele>1262.00</ele>
<time>2026-07-25T04:56:40.154Z</time>
<extensions>
<gpxtpx:TrackPointExtension>
<gpxtpx:hr>142</gpxtpx:hr>
</gpxtpx:TrackPointExtension>
</extensions>
</trkpt>
<trkpt lat="46.3157410" lon="13.6941446">
<ele>1262.50</ele>
<time>2026-07-25T04:57:26.051Z</time>
<extensions>
<gpxtpx:TrackPointExtension>
<gpxtpx:hr>142</gpxtpx:hr>
</gpxtpx:TrackPointExtension>
</extensions>
</trkpt>
<trkpt lat="46.3158135" lon="13.6943869">
<ele>1269.73</ele>
<time>2026-07-25T04:57:53.409Z</time>
<extensions>
<gpxtpx:TrackPointExtension>
<gpxtpx:hr>143</gpxtpx:hr>
</gpxtpx:TrackPointExtension>
</extensions>
</trkpt>
<trkpt lat="46.3156429" lon="13.6944748">
<ele>1285.95</ele>
<time>2026-07-25T04:58:54.771Z</time>
<extensions>
<gpxtpx:TrackPointExtension>
<gpxtpx:hr>144</gpxtpx:hr>
</gpxtpx:TrackPointExtension>
</extensions>
</trkpt>
<trkpt lat="46.3156272" lon="13.6947369">
<ele>1301.77</ele>
<time>2026-07-25T04:59:46.196Z</time>
<extensions>
<gpxtpx:TrackPointExtension>
<gpxtpx:hr>142</gpxtpx:hr>
</gpxtpx:TrackPointExtension>
</extensions>
</trkpt>
<trkpt lat="46.3157115" lon="13.6949676">
<ele>1309.21</ele>
<time>2026-07-25T05:00:08.871Z</time>
<extensions>
<gpxtpx:TrackPointExtension>
<gpxtpx:hr>140</gpxtpx:hr>
</gpxtpx:TrackPointExtension>
</extensions>
</trkpt>
<trkpt lat="46.3156794" lon="13.6952265">
<ele>1326.39</ele>
<time>2026-07-25T05:01:13.090Z</time>
<extensions>
<gpxtpx:TrackPointExtension>
<gpxtpx:hr>142</gpxtpx:hr>
</gpxtpx:TrackPointExtension>
</extensions>
</trkpt>
<trkpt lat="46.3158622" lon="13.6952583">
<ele>1318.96</ele>
<time>2026-07-25T05:02:28.749Z</time>
<extensions>
<gpxtpx:TrackPointExtension>
<gpxtpx:hr>140</gpxtpx:hr>
</gpxtpx:TrackPointExtension>
</extensions>
</trkpt>
<trkpt lat="46.3160155" lon="13.6954127">
<ele>1326.60</ele>
<time>2026-07-25T05:02:48.113Z</time>
<extensions>
<gpxtpx:TrackPointExtension>
<gpxtpx:hr>138</gpxtpx:hr>
</gpxtpx:TrackPointExtension>
</extensions>
</trkpt>
<trkpt lat="46.3161535" lon="13.6955937">
<ele>1333.92</ele>
<time>2026-07-25T05:03:07.129Z</time>
<extensions>
<gpxtpx:TrackPointExtension>
<gpxtpx:hr>142</gpxtpx:hr>
</gpxtpx:TrackPointExtension>
</extensions>
</trkpt>
<trkpt lat="46.3161184" lon="13.6958576">
<ele>1347.37</ele>
<time>2026-07-25T05:03:26.931Z</time>
<extensions>
<gpxtpx:TrackPointExtension>
<gpxtpx:hr>147</gpxtpx:hr>
</gpxtpx:TrackPointExtension>
</extensions>
</trkpt>
<trkpt lat="46.3161209" lon="13.6961285">
<ele>1353.78</ele>
<time>2026-07-25T05:03:43.870Z</time>
<extensions>
<gpxtpx:TrackPointExtension>
<gpxtpx:hr>144</gpxtpx:hr>
</gpxtpx:TrackPointExtension>
</extensions>
</trkpt>
<trkpt lat="46.3160535" lon="13.6963778">
<ele>1362.00</ele>
<time>2026-07-25T05:04:05.991Z</time>
<extensions>
<gpxtpx:TrackPointExtension>
<gpxtpx:hr>140</gpxtpx:hr>
</gpxtpx:TrackPointExtension>
</extensions>
</trkpt>
<trkpt lat="46.3159808" lon="13.6966262">
<ele>1370.67</ele>
<time>2026-07-25T05:04:36.870Z</time>
<extensions>
<gpxtpx:TrackPointExtension>
<gpxtpx:hr>145</gpxtpx:hr>
</gpxtpx:TrackPointExtension>
</extensions>
</trkpt>
<trkpt lat="46.3160239" lon="13.6968816">
<ele>1372.34</ele>
<time>2026-07-25T05:04:56.772Z</time>
<extensions>
<gpxtpx:TrackPointExtension>
<gpxtpx:hr>151</gpxtpx:hr>
</gpxtpx:TrackPointExtension>
</extensions>
</trkpt>
<trkpt lat="46.3159530" lon="13.6971283">
<ele>1377.52</ele>
<time>2026-07-25T05:05:15.412Z</time>
<extensions>
<gpxtpx:TrackPointExtension>
<gpxtpx:hr>148</gpxtpx:hr>
</gpxtpx:TrackPointExtension>
</extensions>
</trkpt>
<trkpt lat="46.3158789" lon="13.6973754">
<ele>1382.92</ele>
<time>2026-07-25T05:05:38.156Z</time>
<extensions>
<gpxtpx:TrackPointExtension>
<gpxtpx:hr>149</gpxtpx:hr>
</gpxtpx:TrackPointExtension>
</extensions>
</trkpt>
<trkpt lat="46.3157966" lon="13.6976121">
<ele>1387.58</ele>
<time>2026-07-25T05:06:01.188Z</time>
<extensions>
<gpxtpx:TrackPointExtension>
<gpxtpx:hr>148</gpxtpx:hr>
</gpxtpx:TrackPointExtension>
</extensions>
</trkpt>
<trkpt lat="46.3156766" lon="13.6978081">
<ele>1393.85</ele>
<time>2026-07-25T05:06:16.995Z</time>
<extensions>
<gpxtpx:TrackPointExtension>
<gpxtpx:hr>143</gpxtpx:hr>
</gpxtpx:TrackPointExtension>
</extensions>
</trkpt>
<trkpt lat="46.3155033" lon="13.6979185">
<ele>1404.00</ele>
<time>2026-07-25T05:06:39.050Z</time>
<extensions>
<gpxtpx:TrackPointExtension>
<gpxtpx:hr>139</gpxtpx:hr>
</gpxtpx:TrackPointExtension>
</extensions>
</trkpt>
<trkpt lat="46.3153747" lon="13.6981026">
<ele>1411.76</ele>
<time>2026-07-25T05:06:59.672Z</time>
<extensions>
<gpxtpx:TrackPointExtension>
<gpxtpx:hr>134</gpxtpx:hr>
</gpxtpx:TrackPointExtension>
</extensions>
</trkpt>
<trkpt lat="46.3152909" lon="13.6983417">
<ele>1417.12</ele>
<time>2026-07-25T05:07:19.151Z</time>
<extensions>
<gpxtpx:TrackPointExtension>
<gpxtpx:hr>136</gpxtpx:hr>
</gpxtpx:TrackPointExtension>
</extensions>
</trkpt>
<trkpt lat="46.3151104" lon="13.6983261">
<ele>1428.83</ele>
<time>2026-07-25T05:07:58.568Z</time>
<extensions>
<gpxtpx:TrackPointExtension>
<gpxtpx:hr>146</gpxtpx:hr>
</gpxtpx:TrackPointExtension>
</extensions>
</trkpt>
<trkpt lat="46.3151047" lon="13.6985879">
<ele>1427.92</ele>
<time>2026-07-25T05:08:18.189Z</time>
<extensions>
<gpxtpx:TrackPointExtension>
<gpxtpx:hr>148</gpxtpx:hr>
</gpxtpx:TrackPointExtension>
</extensions>
</trkpt>
<trkpt lat="46.3149560" lon="13.6987460">
<ele>1436.64</ele>
<time>2026-07-25T05:08:37.030Z</time>
<extensions>
<gpxtpx:TrackPointExtension>
<gpxtpx:hr>138</gpxtpx:hr>
</gpxtpx:TrackPointExtension>
</extensions>
</trkpt>
<trkpt lat="46.3148298" lon="13.6989393">
<ele>1444.97</ele>
<time>2026-07-25T05:08:58.532Z</time>
<extensions>
<gpxtpx:TrackPointExtension>
<gpxtpx:hr>136</gpxtpx:hr>
</gpxtpx:TrackPointExtension>
</extensions>
</trkpt>
<trkpt lat="46.3147867" lon="13.6991940">
<ele>1447.63</ele>
<time>2026-07-25T05:09:24.144Z</time>
<extensions>
<gpxtpx:TrackPointExtension>
<gpxtpx:hr>138</gpxtpx:hr>
</gpxtpx:TrackPointExtension>
</extensions>
</trkpt>
<trkpt lat="46.3147691" lon="13.6994549">
<ele>1448.84</ele>
<time>2026-07-25T05:09:41.189Z</time>
<extensions>
<gpxtpx:TrackPointExtension>
<gpxtpx:hr>145</gpxtpx:hr>
</gpxtpx:TrackPointExtension>
</extensions>
</trkpt>
<trkpt lat="46.3146906" lon="13.6996924">
<ele>1454.29</ele>
<time>2026-07-25T05:09:57.147Z</time>
<extensions>
<gpxtpx:TrackPointExtension>
<gpxtpx:hr>146</gpxtpx:hr>
</gpxtpx:TrackPointExtension>
</extensions>
</trkpt>
<trkpt lat="46.3145943" lon="13.6999154">
<ele>1460.50</ele>
<time>2026-07-25T05:10:17.170Z</time>
<extensions>
<gpxtpx:TrackPointExtension>
<gpxtpx:hr>138</gpxtpx:hr>
</gpxtpx:TrackPointExtension>
</extensions>
</trkpt>
<trkpt lat="46.3144883" lon="13.7001351">
<ele>1465.40</ele>
<time>2026-07-25T05:10:37.892Z</time>
<extensions>
<gpxtpx:TrackPointExtension>
<gpxtpx:hr>142</gpxtpx:hr>
</gpxtpx:TrackPointExtension>
</extensions>
</trkpt>
<trkpt lat="46.3143328" lon="13.7002815">
<ele>1473.58</ele>
<time>2026-07-25T05:11:13.032Z</time>
<extensions>
<gpxtpx:TrackPointExtension>
<gpxtpx:hr>143</gpxtpx:hr>
</gpxtpx:TrackPointExtension>
</extensions>
</trkpt>
<trkpt lat="46.3141896" lon="13.7004452">
<ele>1480.54</ele>
<time>2026-07-25T05:11:50.009Z</time>
<extensions>
<gpxtpx:TrackPointExtension>
<gpxtpx:hr>145</gpxtpx:hr>
</gpxtpx:TrackPointExtension>
</extensions>
</trkpt>
<trkpt lat="46.3140121" lon="13.7005050">
<ele>1486.33</ele>
<time>2026-07-25T05:12:37.033Z</time>
<extensions>
<gpxtpx:TrackPointExtension>
<gpxtpx:hr>147</gpxtpx:hr>
</gpxtpx:TrackPointExtension>
</extensions>
</trkpt>
<trkpt lat="46.3138494" lon="13.7006238">
<ele>1490.78</ele>
<time>2026-07-25T05:12:59.571Z</time>
<extensions>
<gpxtpx:TrackPointExtension>
<gpxtpx:hr>144</gpxtpx:hr>
</gpxtpx:TrackPointExtension>
</extensions>
</trkpt>
<trkpt lat="46.3136198" lon="13.7009430">
<ele>1497.72</ele>
<time>2026-07-25T05:13:52.430Z</time>
<extensions>
<gpxtpx:TrackPointExtension>
<gpxtpx:hr>126</gpxtpx:hr>
</gpxtpx:TrackPointExtension>
</extensions>
</trkpt>
<trkpt lat="46.3134388" lon="13.7009679">
<ele>1505.63</ele>
<time>2026-07-25T05:14:22.510Z</time>
<extensions>
<gpxtpx:TrackPointExtension>
<gpxtpx:hr>128</gpxtpx:hr>
</gpxtpx:TrackPointExtension>
</extensions>
</trkpt>
<trkpt lat="46.3132585" lon="13.7009839">
<ele>1512.47</ele>
<time>2026-07-25T05:14:51.669Z</time>
<extensions>
<gpxtpx:TrackPointExtension>
<gpxtpx:hr>135</gpxtpx:hr>
</gpxtpx:TrackPointExtension>
</extensions>
</trkpt>
<trkpt lat="46.3131145" lon="13.7009987">
<ele>1516.64</ele>
<time>2026-07-25T05:15:42.086Z</time>
<extensions>
<gpxtpx:TrackPointExtension>
<gpxtpx:hr>124</gpxtpx:hr>
</gpxtpx:TrackPointExtension>
</extensions>
</trkpt>
<trkpt lat="46.3129803" lon="13.7011792">
<ele>1522.19</ele>
<time>2026-07-25T05:15:58.191Z</time>
<extensions>
<gpxtpx:TrackPointExtension>
<gpxtpx:hr>118</gpxtpx:hr>
</gpxtpx:TrackPointExtension>
</extensions>
</trkpt>
<trkpt lat="46.3129890" lon="13.7015702">
<ele>1525.56</ele>
<time>2026-07-25T05:17:15.089Z</time>
<extensions>
<gpxtpx:TrackPointExtension>
<gpxtpx:hr>114</gpxtpx:hr>
</gpxtpx:TrackPointExtension>
</extensions>
</trkpt>
<trkpt lat="46.3128237" lon="13.7016764">
<ele>1533.54</ele>
<time>2026-07-25T05:17:44.869Z</time>
<extensions>
<gpxtpx:TrackPointExtension>
<gpxtpx:hr>120</gpxtpx:hr>
</gpxtpx:TrackPointExtension>
</extensions>
</trkpt>
<trkpt lat="46.3126727" lon="13.7018189">
<ele>1542.22</ele>
<time>2026-07-25T05:18:31.411Z</time>
<extensions>
<gpxtpx:TrackPointExtension>
<gpxtpx:hr>132</gpxtpx:hr>
</gpxtpx:TrackPointExtension>
</extensions>
</trkpt>
<trkpt lat="46.3125440" lon="13.7020032">
<ele>1551.36</ele>
<time>2026-07-25T05:19:03.770Z</time>
<extensions>
<gpxtpx:TrackPointExtension>
<gpxtpx:hr>132</gpxtpx:hr>
</gpxtpx:TrackPointExtension>
</extensions>
</trkpt>
<trkpt lat="46.3124150" lon="13.7021895">
<ele>1559.42</ele>
<time>2026-07-25T05:19:29.333Z</time>
<extensions>
<gpxtpx:TrackPointExtension>
<gpxtpx:hr>135</gpxtpx:hr>
</gpxtpx:TrackPointExtension>
</extensions>
</trkpt>
<trkpt lat="46.3122372" lon="13.7022620">
<ele>1565.77</ele>
<time>2026-07-25T05:19:52.148Z</time>
<extensions>
<gpxtpx:TrackPointExtension>
<gpxtpx:hr>143</gpxtpx:hr>
</gpxtpx:TrackPointExtension>
</extensions>
</trkpt>
<trkpt lat="46.3120872" lon="13.7024189">
<ele>1572.88</ele>
<time>2026-07-25T05:20:19.068Z</time>
<extensions>
<gpxtpx:TrackPointExtension>
<gpxtpx:hr>138</gpxtpx:hr>
</gpxtpx:TrackPointExtension>
</extensions>
</trkpt>
<trkpt lat="46.3119904" lon="13.7026433">
<ele>1579.67</ele>
<time>2026-07-25T05:20:53.092Z</time>
<extensions>
<gpxtpx:TrackPointExtension>
<gpxtpx:hr>133</gpxtpx:hr>
</gpxtpx:TrackPointExtension>
</extensions>
</trkpt>
<trkpt lat="46.3118881" lon="13.7028715">
<ele>1586.49</ele>
<time>2026-07-25T05:21:14.171Z</time>
<extensions>
<gpxtpx:TrackPointExtension>
<gpxtpx:hr>122</gpxtpx:hr>
</gpxtpx:TrackPointExtension>
</extensions>
</trkpt>
<trkpt lat="46.3117805" lon="13.7030884">
<ele>1593.03</ele>
<time>2026-07-25T05:21:37.192Z</time>
<extensions>
<gpxtpx:TrackPointExtension>
<gpxtpx:hr>123</gpxtpx:hr>
</gpxtpx:TrackPointExtension>
</extensions>
</trkpt>
<trkpt lat="46.3116387" lon="13.7032658">
<ele>1599.27</ele>
<time>2026-07-25T05:21:58.121Z</time>
<extensions>
<gpxtpx:TrackPointExtension>
<gpxtpx:hr>124</gpxtpx:hr>
</gpxtpx:TrackPointExtension>
</extensions>
</trkpt>
<trkpt lat="46.3115265" lon="13.7034694">
<ele>1604.41</ele>
<time>2026-07-25T05:22:20.473Z</time>
<extensions>
<gpxtpx:TrackPointExtension>
<gpxtpx:hr>132</gpxtpx:hr>
</gpxtpx:TrackPointExtension>
</extensions>
</trkpt>
<trkpt lat="46.3114559" lon="13.7037242">
<ele>1609.35</ele>
<time>2026-07-25T05:22:50.970Z</time>
<extensions>
<gpxtpx:TrackPointExtension>
<gpxtpx:hr>128</gpxtpx:hr>
</gpxtpx:TrackPointExtension>
</extensions>
</trkpt>
<trkpt lat="46.3113466" lon="13.7039409">
<ele>1613.08</ele>
<time>2026-07-25T05:23:14.187Z</time>
<extensions>
<gpxtpx:TrackPointExtension>
<gpxtpx:hr>136</gpxtpx:hr>
</gpxtpx:TrackPointExtension>
</extensions>
</trkpt>
<trkpt lat="46.3112936" lon="13.7041951">
<ele>1616.63</ele>
<time>2026-07-25T05:23:48.668Z</time>
<extensions>
<gpxtpx:TrackPointExtension>
<gpxtpx:hr>140</gpxtpx:hr>
</gpxtpx:TrackPointExtension>
</extensions>
</trkpt>
<trkpt lat="46.3111429" lon="13.7043502">
<ele>1618.88</ele>
<time>2026-07-25T05:24:09.672Z</time>
<extensions>
<gpxtpx:TrackPointExtension>
<gpxtpx:hr>137</gpxtpx:hr>
</gpxtpx:TrackPointExtension>
</extensions>
</trkpt>
<trkpt lat="46.3110348" lon="13.7045719">
<ele>1622.02</ele>
<time>2026-07-25T05:24:29.831Z</time>
<extensions>
<gpxtpx:TrackPointExtension>
<gpxtpx:hr>140</gpxtpx:hr>
</gpxtpx:TrackPointExtension>
</extensions>
</trkpt>
<trkpt lat="46.3109288" lon="13.7047834">
<ele>1624.62</ele>
<time>2026-07-25T05:24:54.102Z</time>
<extensions>
<gpxtpx:TrackPointExtension>
<gpxtpx:hr>139</gpxtpx:hr>
</gpxtpx:TrackPointExtension>
</extensions>
</trkpt>
<trkpt lat="46.3108337" lon="13.7052721">
<ele>1636.15</ele>
<time>2026-07-25T05:25:24.095Z</time>
<extensions>
<gpxtpx:TrackPointExtension>
<gpxtpx:hr>141</gpxtpx:hr>
</gpxtpx:TrackPointExtension>
</extensions>
</trkpt>
<trkpt lat="46.3107791" lon="13.7055273">
<ele>1644.62</ele>
<time>2026-07-25T05:26:04.669Z</time>
<extensions>
<gpxtpx:TrackPointExtension>
<gpxtpx:hr>134</gpxtpx:hr>
</gpxtpx:TrackPointExtension>
</extensions>
</trkpt>
<trkpt lat="46.3106175" lon="13.7056458">
<ele>1647.45</ele>
<time>2026-07-25T05:27:17.068Z</time>
<extensions>
<gpxtpx:TrackPointExtension>
<gpxtpx:hr>100</gpxtpx:hr>
</gpxtpx:TrackPointExtension>
</extensions>
</trkpt>
<trkpt lat="46.3104628" lon="13.7057887">
<ele>1649.60</ele>
<time>2026-07-25T05:28:09.107Z</time>
<extensions>
<gpxtpx:TrackPointExtension>
<gpxtpx:hr>109</gpxtpx:hr>
</gpxtpx:TrackPointExtension>
</extensions>
</trkpt>
<trkpt lat="46.3103016" lon="13.7059102">
<ele>1650.05</ele>
<time>2026-07-25T05:28:37.178Z</time>
<extensions>
<gpxtpx:TrackPointExtension>
<gpxtpx:hr>108</gpxtpx:hr>
</gpxtpx:TrackPointExtension>
</extensions>
</trkpt>
<trkpt lat="46.3101196" lon="13.7059273">
<ele>1648.01</ele>
<time>2026-07-25T05:29:07.629Z</time>
<extensions>
<gpxtpx:TrackPointExtension>
<gpxtpx:hr>105</gpxtpx:hr>
</gpxtpx:TrackPointExtension>
</extensions>
</trkpt>
<trkpt lat="46.3099478" lon="13.7058139">
<ele>1646.15</ele>
<time>2026-07-25T05:29:50.125Z</time>
<extensions>
<gpxtpx:TrackPointExtension>
<gpxtpx:hr>104</gpxtpx:hr>
</gpxtpx:TrackPointExtension>
</extensions>
</trkpt>
<trkpt lat="46.3099106" lon="13.7055562">
<ele>1645.91</ele>
<time>2026-07-25T05:30:25.139Z</time>
<extensions>
<gpxtpx:TrackPointExtension>
<gpxtpx:hr>109</gpxtpx:hr>
</gpxtpx:TrackPointExtension>
</extensions>
</trkpt>
<trkpt lat="46.3095736" lon="13.7052208">
<ele>1656.07</ele>
<time>2026-07-25T05:31:51.183Z</time>
<extensions>
<gpxtpx:TrackPointExtension>
<gpxtpx:hr>100</gpxtpx:hr>
</gpxtpx:TrackPointExtension>
</extensions>
</trkpt>
<trkpt lat="46.3093953" lon="13.7051592">
<ele>1662.51</ele>
<time>2026-07-25T05:32:36.159Z</time>
<extensions>
<gpxtpx:TrackPointExtension>
<gpxtpx:hr>106</gpxtpx:hr>
</gpxtpx:TrackPointExtension>
</extensions>
</trkpt>
<trkpt lat="46.3093122" lon="13.7049261">
<ele>1668.23</ele>
<time>2026-07-25T05:33:14.192Z</time>
<extensions>
<gpxtpx:TrackPointExtension>
<gpxtpx:hr>107</gpxtpx:hr>
</gpxtpx:TrackPointExtension>
</extensions>
</trkpt>
<trkpt lat="46.3091492" lon="13.7048110">
<ele>1678.25</ele>
<time>2026-07-25T05:33:51.119Z</time>
<extensions>
<gpxtpx:TrackPointExtension>
<gpxtpx:hr>107</gpxtpx:hr>
</gpxtpx:TrackPointExtension>
</extensions>
</trkpt>
<trkpt lat="46.3090455" lon="13.7045947">
<ele>1690.59</ele>
<time>2026-07-25T05:34:37.030Z</time>
<extensions>
<gpxtpx:TrackPointExtension>
<gpxtpx:hr>98</gpxtpx:hr>
</gpxtpx:TrackPointExtension>
</extensions>
</trkpt>
<trkpt lat="46.3089302" lon="13.7043878">
<ele>1703.77</ele>
<time>2026-07-25T05:35:30.126Z</time>
<extensions>
<gpxtpx:TrackPointExtension>
<gpxtpx:hr>97</gpxtpx:hr>
</gpxtpx:TrackPointExtension>
</extensions>
</trkpt>
<trkpt lat="46.3087589" lon="13.7042850">
<ele>1717.74</ele>
<time>2026-07-25T05:36:23.712Z</time>
<extensions>
<gpxtpx:TrackPointExtension>
<gpxtpx:hr>109</gpxtpx:hr>
</gpxtpx:TrackPointExtension>
</extensions>
</trkpt>
<trkpt lat="46.3086230" lon="13.7041088">
<ele>1733.10</ele>
<time>2026-07-25T05:37:13.162Z</time>
<extensions>
<gpxtpx:TrackPointExtension>
<gpxtpx:hr>102</gpxtpx:hr>
</gpxtpx:TrackPointExtension>
</extensions>
</trkpt>
<trkpt lat="46.3084523" lon="13.7040198">
<ele>1748.64</ele>
<time>2026-07-25T05:38:43.113Z</time>
<extensions>
<gpxtpx:TrackPointExtension>
<gpxtpx:hr>95</gpxtpx:hr>
</gpxtpx:TrackPointExtension>
</extensions>
</trkpt>
<trkpt lat="46.3082788" lon="13.7039385">
<ele>1763.13</ele>
<time>2026-07-25T05:40:10.831Z</time>
<extensions>
<gpxtpx:TrackPointExtension>
<gpxtpx:hr>101</gpxtpx:hr>
</gpxtpx:TrackPointExtension>
</extensions>
</trkpt>
<trkpt lat="46.3081219" lon="13.7038079">
<ele>1777.16</ele>
<time>2026-07-25T05:41:34.510Z</time>
<extensions>
<gpxtpx:TrackPointExtension>
<gpxtpx:hr>101</gpxtpx:hr>
</gpxtpx:TrackPointExtension>
</extensions>
</trkpt>
<trkpt lat="46.3079729" lon="13.7036570">
<ele>1791.63</ele>
<time>2026-07-25T05:42:32.732Z</time>
<extensions>
<gpxtpx:TrackPointExtension>
<gpxtpx:hr>104</gpxtpx:hr>
</gpxtpx:TrackPointExtension>
</extensions>
</trkpt>
<trkpt lat="46.3077929" lon="13.7036291">
<ele>1801.43</ele>
<time>2026-07-25T05:43:48.185Z</time>
<extensions>
<gpxtpx:TrackPointExtension>
<gpxtpx:hr>94</gpxtpx:hr>
</gpxtpx:TrackPointExtension>
</extensions>
</trkpt>
<trkpt lat="46.3076979" lon="13.7034057">
<ele>1816.53</ele>
<time>2026-07-25T05:44:41.069Z</time>
<extensions>
<gpxtpx:TrackPointExtension>
<gpxtpx:hr>94</gpxtpx:hr>
</gpxtpx:TrackPointExtension>
</extensions>
</trkpt>
<trkpt lat="46.3077537" lon="13.7031565">
<ele>1826.86</ele>
<time>2026-07-25T05:45:27.071Z</time>
<extensions>
<gpxtpx:TrackPointExtension>
<gpxtpx:hr>91</gpxtpx:hr>
</gpxtpx:TrackPointExtension>
</extensions>
</trkpt>
<trkpt lat="46.3078567" lon="13.7029383">
<ele>1832.92</ele>
<time>2026-07-25T05:45:56.170Z</time>
<extensions>
<gpxtpx:TrackPointExtension>
<gpxtpx:hr>95</gpxtpx:hr>
</gpxtpx:TrackPointExtension>
</extensions>
</trkpt>
<trkpt lat="46.3079459" lon="13.7027055">
<ele>1839.54</ele>
<time>2026-07-25T05:47:02.988Z</time>
<extensions>
<gpxtpx:TrackPointExtension>
<gpxtpx:hr>96</gpxtpx:hr>
</gpxtpx:TrackPointExtension>
</extensions>
</trkpt>
<trkpt lat="46.3079283" lon="13.7024430">
<ele>1852.58</ele>
<time>2026-07-25T05:47:56.832Z</time>
<extensions>
<gpxtpx:TrackPointExtension>
<gpxtpx:hr>97</gpxtpx:hr>
</gpxtpx:TrackPointExtension>
</extensions>
</trkpt>
<trkpt lat="46.3080297" lon="13.7022190">
<ele>1853.66</ele>
<time>2026-07-25T05:48:40.172Z</time>
<extensions>
<gpxtpx:TrackPointExtension>
<gpxtpx:hr>102</gpxtpx:hr>
</gpxtpx:TrackPointExtension>
</extensions>
</trkpt>
<trkpt lat="46.3080500" lon="13.7019587">
<ele>1861.17</ele>
<time>2026-07-25T05:49:29.172Z</time>
<extensions>
<gpxtpx:TrackPointExtension>
<gpxtpx:hr>104</gpxtpx:hr>
</gpxtpx:TrackPointExtension>
</extensions>
</trkpt>
<trkpt lat="46.3079114" lon="13.7017883">
<ele>1874.42</ele>
<time>2026-07-25T05:51:02.930Z</time>
<extensions>
<gpxtpx:TrackPointExtension>
<gpxtpx:hr>94</gpxtpx:hr>
</gpxtpx:TrackPointExtension>
</extensions>
</trkpt>
<trkpt lat="46.3077976" lon="13.7015865">
<ele>1884.75</ele>
<time>2026-07-25T05:52:31.185Z</time>
<extensions>
<gpxtpx:TrackPointExtension>
<gpxtpx:hr>97</gpxtpx:hr>
</gpxtpx:TrackPointExtension>
</extensions>
</trkpt>
<trkpt lat="46.3076227" lon="13.7015049">
<ele>1893.68</ele>
<time>2026-07-25T05:53:15.808Z</time>
<extensions>
<gpxtpx:TrackPointExtension>
<gpxtpx:hr>86</gpxtpx:hr>
</gpxtpx:TrackPointExtension>
</extensions>
</trkpt>
<trkpt lat="46.3074417" lon="13.7014959">
<ele>1900.66</ele>
<time>2026-07-25T05:54:03.988Z</time>
<extensions>
<gpxtpx:TrackPointExtension>
<gpxtpx:hr>93</gpxtpx:hr>
</gpxtpx:TrackPointExtension>
</extensions>
</trkpt>
<trkpt lat="46.3072929" lon="13.7016462">
<ele>1906.10</ele>
<time>2026-07-25T05:54:33.730Z</time>
<extensions>
<gpxtpx:TrackPointExtension>
<gpxtpx:hr>94</gpxtpx:hr>
</gpxtpx:TrackPointExtension>
</extensions>
</trkpt>
<trkpt lat="46.3071357" lon="13.7017761">
<ele>1910.03</ele>
<time>2026-07-25T05:55:02.209Z</time>
<extensions>
<gpxtpx:TrackPointExtension>
<gpxtpx:hr>96</gpxtpx:hr>
</gpxtpx:TrackPointExtension>
</extensions>
</trkpt>
<trkpt lat="46.3069591" lon="13.7017209">
<ele>1916.58</ele>
<time>2026-07-25T05:55:46.571Z</time>
<extensions>
<gpxtpx:TrackPointExtension>
<gpxtpx:hr>98</gpxtpx:hr>
</gpxtpx:TrackPointExtension>
</extensions>
</trkpt>
<trkpt lat="46.3068536" lon="13.7020423">
<ele>1919.69</ele>
<time>2026-07-25T05:56:21.193Z</time>
<extensions>
<gpxtpx:TrackPointExtension>
<gpxtpx:hr>97</gpxtpx:hr>
</gpxtpx:TrackPointExtension>
</extensions>
</trkpt>
<trkpt lat="46.3067070" lon="13.7018867">
<ele>1925.72</ele>
<time>2026-07-25T05:56:50.112Z</time>
<extensions>
<gpxtpx:TrackPointExtension>
<gpxtpx:hr>96</gpxtpx:hr>
</gpxtpx:TrackPointExtension>
</extensions>
</trkpt>
<trkpt lat="46.3066197" lon="13.7021166">
<ele>1927.74</ele>
<time>2026-07-25T05:57:32.629Z</time>
<extensions>
<gpxtpx:TrackPointExtension>
<gpxtpx:hr>93</gpxtpx:hr>
</gpxtpx:TrackPointExtension>
</extensions>
</trkpt>
<trkpt lat="46.3064688" lon="13.7022670">
<ele>1927.60</ele>
<time>2026-07-25T05:58:01.450Z</time>
<extensions>
<gpxtpx:TrackPointExtension>
<gpxtpx:hr>95</gpxtpx:hr>
</gpxtpx:TrackPointExtension>
</extensions>
</trkpt>
<trkpt lat="46.3063313" lon="13.7024427">
<ele>1931.34</ele>
<time>2026-07-25T05:58:27.731Z</time>
<extensions>
<gpxtpx:TrackPointExtension>
<gpxtpx:hr>94</gpxtpx:hr>
</gpxtpx:TrackPointExtension>
</extensions>
</trkpt>
<trkpt lat="46.3062039" lon="13.7026268">
<ele>1933.91</ele>
<time>2026-07-25T05:59:11.138Z</time>
<extensions>
<gpxtpx:TrackPointExtension>
<gpxtpx:hr>96</gpxtpx:hr>
</gpxtpx:TrackPointExtension>
</extensions>
</trkpt>
<trkpt lat="46.3060393" lon="13.7027325">
<ele>1937.87</ele>
<time>2026-07-25T05:59:41.148Z</time>
<extensions>
<gpxtpx:TrackPointExtension>
<gpxtpx:hr>95</gpxtpx:hr>
</gpxtpx:TrackPointExtension>
</extensions>
</trkpt>
<trkpt lat="46.3058908" lon="13.7028836">
<ele>1945.05</ele>
<time>2026-07-25T06:00:13.688Z</time>
<extensions>
<gpxtpx:TrackPointExtension>
<gpxtpx:hr>110</gpxtpx:hr>
</gpxtpx:TrackPointExtension>
</extensions>
</trkpt>
<trkpt lat="46.3057666" lon="13.7030727">
<ele>1950.19</ele>
<time>2026-07-25T06:00:43.532Z</time>
<extensions>
<gpxtpx:TrackPointExtension>
<gpxtpx:hr>118</gpxtpx:hr>
</gpxtpx:TrackPointExtension>
</extensions>
</trkpt>
<trkpt lat="46.3056299" lon="13.7034390">
<ele>1950.40</ele>
<time>2026-07-25T06:01:16.214Z</time>
<extensions>
<gpxtpx:TrackPointExtension>
<gpxtpx:hr>122</gpxtpx:hr>
</gpxtpx:TrackPointExtension>
</extensions>
</trkpt>
<trkpt lat="46.3053952" lon="13.7034684">
<ele>1945.10</ele>
<time>2026-07-25T06:01:49.591Z</time>
<extensions>
<gpxtpx:TrackPointExtension>
<gpxtpx:hr>117</gpxtpx:hr>
</gpxtpx:TrackPointExtension>
</extensions>
</trkpt>
<trkpt lat="46.3052306" lon="13.7035738">
<ele>1939.77</ele>
<time>2026-07-25T06:02:13.352Z</time>
<extensions>
<gpxtpx:TrackPointExtension>
<gpxtpx:hr>110</gpxtpx:hr>
</gpxtpx:TrackPointExtension>
</extensions>
</trkpt>
<trkpt lat="46.3051242" lon="13.7037847">
<ele>1934.66</ele>
<time>2026-07-25T06:02:31.097Z</time>
<extensions>
<gpxtpx:TrackPointExtension>
<gpxtpx:hr>115</gpxtpx:hr>
</gpxtpx:TrackPointExtension>
</extensions>
</trkpt>
<trkpt lat="46.3049430" lon="13.7038286">
<ele>1932.36</ele>
<time>2026-07-25T06:03:28.008Z</time>
<extensions>
<gpxtpx:TrackPointExtension>
<gpxtpx:hr>95</gpxtpx:hr>
</gpxtpx:TrackPointExtension>
</extensions>
</trkpt>
<trkpt lat="46.3047652" lon="13.7039197">
<ele>1926.33</ele>
<time>2026-07-25T06:05:24.157Z</time>
<extensions>
<gpxtpx:TrackPointExtension>
<gpxtpx:hr>94</gpxtpx:hr>
</gpxtpx:TrackPointExtension>
</extensions>
</trkpt>
<trkpt lat="46.3045848" lon="13.7039982">
<ele>1920.85</ele>
<time>2026-07-25T06:06:27.070Z</time>
<extensions>
<gpxtpx:TrackPointExtension>
<gpxtpx:hr>86</gpxtpx:hr>
</gpxtpx:TrackPointExtension>
</extensions>
</trkpt>
<trkpt lat="46.3044017" lon="13.7039352">
<ele>1916.03</ele>
<time>2026-07-25T06:07:08.693Z</time>
<extensions>
<gpxtpx:TrackPointExtension>
<gpxtpx:hr>105</gpxtpx:hr>
</gpxtpx:TrackPointExtension>
</extensions>
</trkpt>
<trkpt lat="46.3042189" lon="13.7039286">
<ele>1910.90</ele>
<time>2026-07-25T06:07:53.968Z</time>
<extensions>
<gpxtpx:TrackPointExtension>
<gpxtpx:hr>99</gpxtpx:hr>
</gpxtpx:TrackPointExtension>
</extensions>
</trkpt>
<trkpt lat="46.3040867" lon="13.7037383">
<ele>1908.16</ele>
<time>2026-07-25T06:10:35.084Z</time>
<extensions>
<gpxtpx:TrackPointExtension>
<gpxtpx:hr>86</gpxtpx:hr>
</gpxtpx:TrackPointExtension>
</extensions>
</trkpt>
<trkpt lat="46.3039567" lon="13.7035550">
<ele>1906.57</ele>
<time>2026-07-25T06:11:41.084Z</time>
<extensions>
<gpxtpx:TrackPointExtension>
<gpxtpx:hr>82</gpxtpx:hr>
</gpxtpx:TrackPointExtension>
</extensions>
</trkpt>
<trkpt lat="46.3037733" lon="13.7035500">
<ele>1904.85</ele>
<time>2026-07-25T06:12:48.084Z</time>
<extensions>
<gpxtpx:TrackPointExtension>
<gpxtpx:hr>90</gpxtpx:hr>
</gpxtpx:TrackPointExtension>
</extensions>
</trkpt>
<trkpt lat="46.3035983" lon="13.7034700">
<ele>1903.22</ele>
<time>2026-07-25T06:13:25.084Z</time>
<extensions>
<gpxtpx:TrackPointExtension>
<gpxtpx:hr>94</gpxtpx:hr>
</gpxtpx:TrackPointExtension>
</extensions>
</trkpt>
<trkpt lat="46.3034214" lon="13.7033815">
<ele>1901.70</ele>
<time>2026-07-25T06:13:49.169Z</time>
<extensions>
<gpxtpx:TrackPointExtension>
<gpxtpx:hr>92</gpxtpx:hr>
</gpxtpx:TrackPointExtension>
</extensions>
</trkpt>
<trkpt lat="46.3032367" lon="13.7034160">
<ele>1898.98</ele>
<time>2026-07-25T06:14:19.111Z</time>
<extensions>
<gpxtpx:TrackPointExtension>
<gpxtpx:hr>101</gpxtpx:hr>
</gpxtpx:TrackPointExtension>
</extensions>
</trkpt>
<trkpt lat="46.3030673" lon="13.7035176">
<ele>1895.63</ele>
<time>2026-07-25T06:14:52.972Z</time>
<extensions>
<gpxtpx:TrackPointExtension>
<gpxtpx:hr>101</gpxtpx:hr>
</gpxtpx:TrackPointExtension>
</extensions>
</trkpt>
<trkpt lat="46.3029084" lon="13.7036482">
<ele>1892.72</ele>
<time>2026-07-25T06:15:25.111Z</time>
<extensions>
<gpxtpx:TrackPointExtension>
<gpxtpx:hr>98</gpxtpx:hr>
</gpxtpx:TrackPointExtension>
</extensions>
</trkpt>
<trkpt lat="46.3027439" lon="13.7037638">
<ele>1889.92</ele>
<time>2026-07-25T06:16:14.832Z</time>
<extensions>
<gpxtpx:TrackPointExtension>
<gpxtpx:hr>97</gpxtpx:hr>
</gpxtpx:TrackPointExtension>
</extensions>
</trkpt>
<trkpt lat="46.3025785" lon="13.7038675">
<ele>1887.28</ele>
<time>2026-07-25T06:16:45.212Z</time>
<extensions>
<gpxtpx:TrackPointExtension>
<gpxtpx:hr>94</gpxtpx:hr>
</gpxtpx:TrackPointExtension>
</extensions>
</trkpt>
<trkpt lat="46.3024168" lon="13.7039901">
<ele>1885.52</ele>
<time>2026-07-25T06:17:45.161Z</time>
<extensions>
<gpxtpx:TrackPointExtension>
<gpxtpx:hr>98</gpxtpx:hr>
</gpxtpx:TrackPointExtension>
</extensions>
</trkpt>
<trkpt lat="46.3022724" lon="13.7041480">
<ele>1886.45</ele>
<time>2026-07-25T06:20:57.125Z</time>
<extensions>
<gpxtpx:TrackPointExtension>
<gpxtpx:hr>103</gpxtpx:hr>
</gpxtpx:TrackPointExtension>
</extensions>
</trkpt>
<trkpt lat="46.3020550" lon="13.7041883">
<ele>1885.50</ele>
<time>2026-07-25T06:24:27.085Z</time>
<extensions>
<gpxtpx:TrackPointExtension>
<gpxtpx:hr>102</gpxtpx:hr>
</gpxtpx:TrackPointExtension>
</extensions>
</trkpt>
<trkpt lat="46.3018900" lon="13.7042783">
<ele>1881.74</ele>
<time>2026-07-25T06:27:03.085Z</time>
<extensions>
<gpxtpx:TrackPointExtension>
<gpxtpx:hr>98</gpxtpx:hr>
</gpxtpx:TrackPointExtension>
</extensions>
</trkpt>
<trkpt lat="46.3016933" lon="13.7041967">
<ele>1884.97</ele>
<time>2026-07-25T06:30:48.085Z</time>
<extensions>
<gpxtpx:TrackPointExtension>
<gpxtpx:hr>96</gpxtpx:hr>
</gpxtpx:TrackPointExtension>
</extensions>
</trkpt>
<trkpt lat="46.3015167" lon="13.7041383">
<ele>1887.39</ele>
<time>2026-07-25T06:32:37.085Z</time>
<extensions>
<gpxtpx:TrackPointExtension>
<gpxtpx:hr>95</gpxtpx:hr>
</gpxtpx:TrackPointExtension>
</extensions>
</trkpt>
<trkpt lat="46.3012817" lon="13.7040967">
<ele>1889.66</ele>
<time>2026-07-25T06:34:57.085Z</time>
<extensions>
<gpxtpx:TrackPointExtension>
<gpxtpx:hr>99</gpxtpx:hr>
</gpxtpx:TrackPointExtension>
</extensions>
</trkpt>
<trkpt lat="46.3010733" lon="13.7041267">
<ele>1894.79</ele>
<time>2026-07-25T06:35:50.086Z</time>
<extensions>
<gpxtpx:TrackPointExtension>
<gpxtpx:hr>95</gpxtpx:hr>
</gpxtpx:TrackPointExtension>
</extensions>
</trkpt>
<trkpt lat="46.3008933" lon="13.7041917">
<ele>1899.47</ele>
<time>2026-07-25T06:36:53.086Z</time>
<extensions>
<gpxtpx:TrackPointExtension>
<gpxtpx:hr>97</gpxtpx:hr>
</gpxtpx:TrackPointExtension>
</extensions>
</trkpt>
<trkpt lat="46.3007481" lon="13.7043479">
<ele>1900.05</ele>
<time>2026-07-25T06:38:48.193Z</time>
<extensions>
<gpxtpx:TrackPointExtension>
<gpxtpx:hr>106</gpxtpx:hr>
</gpxtpx:TrackPointExtension>
</extensions>
</trkpt>
<trkpt lat="46.3005697" lon="13.7044304">
<ele>1903.28</ele>
<time>2026-07-25T06:39:41.113Z</time>
<extensions>
<gpxtpx:TrackPointExtension>
<gpxtpx:hr>115</gpxtpx:hr>
</gpxtpx:TrackPointExtension>
</extensions>
</trkpt>
<trkpt lat="46.3004063" lon="13.7045474">
<ele>1905.98</ele>
<time>2026-07-25T06:40:26.709Z</time>
<extensions>
<gpxtpx:TrackPointExtension>
<gpxtpx:hr>123</gpxtpx:hr>
</gpxtpx:TrackPointExtension>
</extensions>
</trkpt>
<trkpt lat="46.3002375" lon="13.7046415">
<ele>1909.46</ele>
<time>2026-07-25T06:41:00.192Z</time>
<extensions>
<gpxtpx:TrackPointExtension>
<gpxtpx:hr>113</gpxtpx:hr>
</gpxtpx:TrackPointExtension>
</extensions>
</trkpt>
<trkpt lat="46.3000575" lon="13.7046792">
<ele>1914.09</ele>
<time>2026-07-25T06:42:30.992Z</time>
<extensions>
<gpxtpx:TrackPointExtension>
<gpxtpx:hr>92</gpxtpx:hr>
</gpxtpx:TrackPointExtension>
</extensions>
</trkpt>
<trkpt lat="46.2998811" lon="13.7047442">
<ele>1916.89</ele>
<time>2026-07-25T06:43:00.849Z</time>
<extensions>
<gpxtpx:TrackPointExtension>
<gpxtpx:hr>80</gpxtpx:hr>
</gpxtpx:TrackPointExtension>
</extensions>
</trkpt>
<trkpt lat="46.2997009" lon="13.7047958">
<ele>1920.38</ele>
<time>2026-07-25T06:44:06.120Z</time>
<extensions>
<gpxtpx:TrackPointExtension>
<gpxtpx:hr>98</gpxtpx:hr>
</gpxtpx:TrackPointExtension>
</extensions>
</trkpt>
<trkpt lat="46.2995208" lon="13.7048228">
<ele>1924.65</ele>
<time>2026-07-25T06:44:49.050Z</time>
<extensions>
<gpxtpx:TrackPointExtension>
<gpxtpx:hr>96</gpxtpx:hr>
</gpxtpx:TrackPointExtension>
</extensions>
</trkpt>
<trkpt lat="46.2994088" lon="13.7050284">
<ele>1933.54</ele>
<time>2026-07-25T06:45:18.428Z</time>
<extensions>
<gpxtpx:TrackPointExtension>
<gpxtpx:hr>88</gpxtpx:hr>
</gpxtpx:TrackPointExtension>
</extensions>
</trkpt>
<trkpt lat="46.2992559" lon="13.7051666">
<ele>1935.41</ele>
<time>2026-07-25T06:45:55.181Z</time>
<extensions>
<gpxtpx:TrackPointExtension>
<gpxtpx:hr>95</gpxtpx:hr>
</gpxtpx:TrackPointExtension>
</extensions>
</trkpt>
<trkpt lat="46.2990928" lon="13.7052853">
<ele>1933.99</ele>
<time>2026-07-25T06:46:44.179Z</time>
<extensions>
<gpxtpx:TrackPointExtension>
<gpxtpx:hr>94</gpxtpx:hr>
</gpxtpx:TrackPointExtension>
</extensions>
</trkpt>
<trkpt lat="46.2989217" lon="13.7053767">
<ele>1929.21</ele>
<time>2026-07-25T06:49:03.086Z</time>
<extensions>
<gpxtpx:TrackPointExtension>
<gpxtpx:hr>95</gpxtpx:hr>
</gpxtpx:TrackPointExtension>
</extensions>
</trkpt>
<trkpt lat="46.2987517" lon="13.7054783">
<ele>1925.86</ele>
<time>2026-07-25T06:49:40.086Z</time>
<extensions>
<gpxtpx:TrackPointExtension>
<gpxtpx:hr>108</gpxtpx:hr>
</gpxtpx:TrackPointExtension>
</extensions>
</trkpt>
<trkpt lat="46.2985924" lon="13.7056094">
<ele>1924.25</ele>
<time>2026-07-25T06:50:40.112Z</time>
<extensions>
<gpxtpx:TrackPointExtension>
<gpxtpx:hr>109</gpxtpx:hr>
</gpxtpx:TrackPointExtension>
</extensions>
</trkpt>
<trkpt lat="46.2984172" lon="13.7056716">
<ele>1924.01</ele>
<time>2026-07-25T06:51:33.008Z</time>
<extensions>
<gpxtpx:TrackPointExtension>
<gpxtpx:hr>116</gpxtpx:hr>
</gpxtpx:TrackPointExtension>
</extensions>
</trkpt>
<trkpt lat="46.2982338" lon="13.7056766">
<ele>1924.48</ele>
<time>2026-07-25T06:51:54.931Z</time>
<extensions>
<gpxtpx:TrackPointExtension>
<gpxtpx:hr>107</gpxtpx:hr>
</gpxtpx:TrackPointExtension>
</extensions>
</trkpt>
<trkpt lat="46.2980532" lon="13.7057269">
<ele>1926.83</ele>
<time>2026-07-25T06:52:24.848Z</time>
<extensions>
<gpxtpx:TrackPointExtension>
<gpxtpx:hr>107</gpxtpx:hr>
</gpxtpx:TrackPointExtension>
</extensions>
</trkpt>
<trkpt lat="46.2978668" lon="13.7056715">
<ele>1926.33</ele>
<time>2026-07-25T06:53:31.151Z</time>
<extensions>
<gpxtpx:TrackPointExtension>
<gpxtpx:hr>120</gpxtpx:hr>
</gpxtpx:TrackPointExtension>
</extensions>
</trkpt>
<trkpt lat="46.2977301" lon="13.7058516">
<ele>1933.27</ele>
<time>2026-07-25T06:54:07.868Z</time>
<extensions>
<gpxtpx:TrackPointExtension>
<gpxtpx:hr>130</gpxtpx:hr>
</gpxtpx:TrackPointExtension>
</extensions>
</trkpt>
<trkpt lat="46.2976095" lon="13.7060540">
<ele>1927.15</ele>
<time>2026-07-25T06:55:12.711Z</time>
<extensions>
<gpxtpx:TrackPointExtension>
<gpxtpx:hr>139</gpxtpx:hr>
</gpxtpx:TrackPointExtension>
</extensions>
</trkpt>
<trkpt lat="46.2974775" lon="13.7062369">
<ele>1921.47</ele>
<time>2026-07-25T06:56:31.153Z</time>
<extensions>
<gpxtpx:TrackPointExtension>
<gpxtpx:hr>108</gpxtpx:hr>
</gpxtpx:TrackPointExtension>
</extensions>
</trkpt>
<trkpt lat="46.2975818" lon="13.7060119">
<ele>1929.11</ele>
<time>2026-07-25T06:59:10.712Z</time>
<extensions>
<gpxtpx:TrackPointExtension>
<gpxtpx:hr>103</gpxtpx:hr>
</gpxtpx:TrackPointExtension>
</extensions>
</trkpt>
<trkpt lat="46.2974031" lon="13.7059783">
<ele>1928.78</ele>
<time>2026-07-25T07:01:04.111Z</time>
<extensions>
<gpxtpx:TrackPointExtension>
<gpxtpx:hr>88</gpxtpx:hr>
</gpxtpx:TrackPointExtension>
</extensions>
</trkpt>
<trkpt lat="46.2972331" lon="13.7060667">
<ele>1923.11</ele>
<time>2026-07-25T07:01:33.187Z</time>
<extensions>
<gpxtpx:TrackPointExtension>
<gpxtpx:hr>92</gpxtpx:hr>
</gpxtpx:TrackPointExtension>
</extensions>
</trkpt>
<trkpt lat="46.2971602" lon="13.7063391">
<ele>1920.63</ele>
<time>2026-07-25T07:02:08.121Z</time>
<extensions>
<gpxtpx:TrackPointExtension>
<gpxtpx:hr>93</gpxtpx:hr>
</gpxtpx:TrackPointExtension>
</extensions>
</trkpt>
<trkpt lat="46.2969850" lon="13.7062700">
<ele>1921.27</ele>
<time>2026-07-25T07:02:50.087Z</time>
<extensions>
<gpxtpx:TrackPointExtension>
<gpxtpx:hr>97</gpxtpx:hr>
</gpxtpx:TrackPointExtension>
</extensions>
</trkpt>
<trkpt lat="46.2969317" lon="13.7062800">
<ele>1921.57</ele>
<time>2026-07-25T07:03:53.087Z</time>
<extensions>
<gpxtpx:TrackPointExtension>
<gpxtpx:hr>97</gpxtpx:hr>
</gpxtpx:TrackPointExtension>
</extensions>
</trkpt>
<trkpt lat="46.2967617" lon="13.7063783">
<ele>1925.62</ele>
<time>2026-07-25T07:05:30.087Z</time>
<extensions>
<gpxtpx:TrackPointExtension>
<gpxtpx:hr>95</gpxtpx:hr>
</gpxtpx:TrackPointExtension>
</extensions>
</trkpt>
<trkpt lat="46.2966083" lon="13.7065400">
<ele>1932.99</ele>
<time>2026-07-25T07:06:53.087Z</time>
<extensions>
<gpxtpx:TrackPointExtension>
<gpxtpx:hr>116</gpxtpx:hr>
</gpxtpx:TrackPointExtension>
</extensions>
</trkpt>
<trkpt lat="46.2965183" lon="13.7067867">
<ele>1933.81</ele>
<time>2026-07-25T07:10:13.087Z</time>
<extensions>
<gpxtpx:TrackPointExtension>
<gpxtpx:hr>89</gpxtpx:hr>
</gpxtpx:TrackPointExtension>
</extensions>
</trkpt>
<trkpt lat="46.2963833" lon="13.7069633">
<ele>1929.45</ele>
<time>2026-07-25T07:15:40.087Z</time>
<extensions>
<gpxtpx:TrackPointExtension>
<gpxtpx:hr>92</gpxtpx:hr>
</gpxtpx:TrackPointExtension>
</extensions>
</trkpt>
<trkpt lat="46.2962017" lon="13.7069700">
<ele>1930.86</ele>
<time>2026-07-25T07:18:09.087Z</time>
<extensions>
<gpxtpx:TrackPointExtension>
<gpxtpx:hr>96</gpxtpx:hr>
</gpxtpx:TrackPointExtension>
</extensions>
</trkpt>
<trkpt lat="46.2960300" lon="13.7070500">
<ele>1933.13</ele>
<time>2026-07-25T07:19:37.088Z</time>
<extensions>
<gpxtpx:TrackPointExtension>
<gpxtpx:hr>97</gpxtpx:hr>
</gpxtpx:TrackPointExtension>
</extensions>
</trkpt>
<trkpt lat="46.2958367" lon="13.7070733">
<ele>1936.68</ele>
<time>2026-07-25T07:20:42.088Z</time>
<extensions>
<gpxtpx:TrackPointExtension>
<gpxtpx:hr>94</gpxtpx:hr>
</gpxtpx:TrackPointExtension>
</extensions>
</trkpt>
<trkpt lat="46.2956801" lon="13.7072021">
<ele>1940.00</ele>
<time>2026-07-25T07:21:44.186Z</time>
<extensions>
<gpxtpx:TrackPointExtension>
<gpxtpx:hr>101</gpxtpx:hr>
</gpxtpx:TrackPointExtension>
</extensions>
</trkpt>
<trkpt lat="46.2955533" lon="13.7073900">
<ele>1950.30</ele>
<time>2026-07-25T07:29:02.088Z</time>
<extensions>
<gpxtpx:TrackPointExtension>
<gpxtpx:hr>90</gpxtpx:hr>
</gpxtpx:TrackPointExtension>
</extensions>
</trkpt>
<trkpt lat="46.2955300" lon="13.7074267">
<ele>1952.86</ele>
<time>2026-07-25T07:31:03.088Z</time>
<extensions>
<gpxtpx:TrackPointExtension>
<gpxtpx:hr>110</gpxtpx:hr>
</gpxtpx:TrackPointExtension>
</extensions>
</trkpt>
<trkpt lat="46.2953658" lon="13.7075403">
<ele>1961.11</ele>
<time>2026-07-25T07:33:08.120Z</time>
<extensions>
<gpxtpx:TrackPointExtension>
<gpxtpx:hr>115</gpxtpx:hr>
</gpxtpx:TrackPointExtension>
</extensions>
</trkpt>
<trkpt lat="46.2952185" lon="13.7076998">
<ele>1964.30</ele>
<time>2026-07-25T07:34:10.196Z</time>
<extensions>
<gpxtpx:TrackPointExtension>
<gpxtpx:hr>108</gpxtpx:hr>
</gpxtpx:TrackPointExtension>
</extensions>
</trkpt>
<trkpt lat="46.2950826" lon="13.7078707">
<ele>1970.68</ele>
<time>2026-07-25T07:35:07.771Z</time>
<extensions>
<gpxtpx:TrackPointExtension>
<gpxtpx:hr>103</gpxtpx:hr>
</gpxtpx:TrackPointExtension>
</extensions>
</trkpt>
<trkpt lat="46.2949639" lon="13.7080719">
<ele>1977.15</ele>
<time>2026-07-25T07:35:42.028Z</time>
<extensions>
<gpxtpx:TrackPointExtension>
<gpxtpx:hr>92</gpxtpx:hr>
</gpxtpx:TrackPointExtension>
</extensions>
</trkpt>
<trkpt lat="46.2947886" lon="13.7081484">
<ele>1978.49</ele>
<time>2026-07-25T07:36:09.118Z</time>
<extensions>
<gpxtpx:TrackPointExtension>
<gpxtpx:hr>92</gpxtpx:hr>
</gpxtpx:TrackPointExtension>
</extensions>
</trkpt>
<trkpt lat="46.2946254" lon="13.7082638">
<ele>1981.57</ele>
<time>2026-07-25T07:36:44.131Z</time>
<extensions>
<gpxtpx:TrackPointExtension>
<gpxtpx:hr>98</gpxtpx:hr>
</gpxtpx:TrackPointExtension>
</extensions>
</trkpt>
<trkpt lat="46.2945900" lon="13.7082750">
<ele>1982.11</ele>
<time>2026-07-25T07:37:40.080Z</time>
<extensions>
<gpxtpx:TrackPointExtension>
<gpxtpx:hr>94</gpxtpx:hr>
</gpxtpx:TrackPointExtension>
</extensions>
</trkpt>
<trkpt lat="46.2945600" lon="13.7085317">
<ele>1976.87</ele>
<time>2026-07-25T07:42:18.080Z</time>
<extensions>
<gpxtpx:TrackPointExtension>
<gpxtpx:hr>80</gpxtpx:hr>
</gpxtpx:TrackPointExtension>
</extensions>
</trkpt>
<trkpt lat="46.2944524" lon="13.7087422">
<ele>1972.06</ele>
<time>2026-07-25T07:43:08.990Z</time>
<extensions>
<gpxtpx:TrackPointExtension>
<gpxtpx:hr>91</gpxtpx:hr>
</gpxtpx:TrackPointExtension>
</extensions>
</trkpt>
<trkpt lat="46.2943243" lon="13.7089281">
<ele>1969.90</ele>
<time>2026-07-25T07:43:54.252Z</time>
<extensions>
<gpxtpx:TrackPointExtension>
<gpxtpx:hr>104</gpxtpx:hr>
</gpxtpx:TrackPointExtension>
</extensions>
</trkpt>
<trkpt lat="46.2941574" lon="13.7090253">
<ele>1971.99</ele>
<time>2026-07-25T07:44:28.670Z</time>
<extensions>
<gpxtpx:TrackPointExtension>
<gpxtpx:hr>110</gpxtpx:hr>
</gpxtpx:TrackPointExtension>
</extensions>
</trkpt>
<trkpt lat="46.2941214" lon="13.7092888">
<ele>1963.24</ele>
<time>2026-07-25T07:45:02.393Z</time>
<extensions>
<gpxtpx:TrackPointExtension>
<gpxtpx:hr>116</gpxtpx:hr>
</gpxtpx:TrackPointExtension>
</extensions>
</trkpt>
<trkpt lat="46.2941750" lon="13.7095456">
<ele>1954.50</ele>
<time>2026-07-25T07:45:20.491Z</time>
<extensions>
<gpxtpx:TrackPointExtension>
<gpxtpx:hr>119</gpxtpx:hr>
</gpxtpx:TrackPointExtension>
</extensions>
</trkpt>
<trkpt lat="46.2942273" lon="13.7098017">
<ele>1941.92</ele>
<time>2026-07-25T07:45:40.009Z</time>
<extensions>
<gpxtpx:TrackPointExtension>
<gpxtpx:hr>116</gpxtpx:hr>
</gpxtpx:TrackPointExtension>
</extensions>
</trkpt>
<trkpt lat="46.2942126" lon="13.7100631">
<ele>1933.65</ele>
<time>2026-07-25T07:46:25.165Z</time>
<extensions>
<gpxtpx:TrackPointExtension>
<gpxtpx:hr>120</gpxtpx:hr>
</gpxtpx:TrackPointExtension>
</extensions>
</trkpt>
<trkpt lat="46.2943084" lon="13.7102914">
<ele>1923.24</ele>
<time>2026-07-25T07:47:06.489Z</time>
<extensions>
<gpxtpx:TrackPointExtension>
<gpxtpx:hr>107</gpxtpx:hr>
</gpxtpx:TrackPointExtension>
</extensions>
</trkpt>
<trkpt lat="46.2942279" lon="13.7105272">
<ele>1922.43</ele>
<time>2026-07-25T07:47:30.252Z</time>
<extensions>
<gpxtpx:TrackPointExtension>
<gpxtpx:hr>127</gpxtpx:hr>
</gpxtpx:TrackPointExtension>
</extensions>
</trkpt>
<trkpt lat="46.2942539" lon="13.7107855">
<ele>1915.67</ele>
<time>2026-07-25T07:48:02.909Z</time>
<extensions>
<gpxtpx:TrackPointExtension>
<gpxtpx:hr>125</gpxtpx:hr>
</gpxtpx:TrackPointExtension>
</extensions>
</trkpt>
<trkpt lat="46.2942929" lon="13.7110437">
<ele>1912.87</ele>
<time>2026-07-25T07:48:22.169Z</time>
<extensions>
<gpxtpx:TrackPointExtension>
<gpxtpx:hr>127</gpxtpx:hr>
</gpxtpx:TrackPointExtension>
</extensions>
</trkpt>
<trkpt lat="46.2944086" lon="13.7112478">
<ele>1907.19</ele>
<time>2026-07-25T07:49:17.201Z</time>
<extensions>
<gpxtpx:TrackPointExtension>
<gpxtpx:hr>123</gpxtpx:hr>
</gpxtpx:TrackPointExtension>
</extensions>
</trkpt>
<trkpt lat="46.2944418" lon="13.7115068">
<ele>1904.51</ele>
<time>2026-07-25T07:49:49.873Z</time>
<extensions>
<gpxtpx:TrackPointExtension>
<gpxtpx:hr>112</gpxtpx:hr>
</gpxtpx:TrackPointExtension>
</extensions>
</trkpt>
<trkpt lat="46.2944630" lon="13.7117728">
<ele>1900.68</ele>
<time>2026-07-25T07:50:14.531Z</time>
<extensions>
<gpxtpx:TrackPointExtension>
<gpxtpx:hr>119</gpxtpx:hr>
</gpxtpx:TrackPointExtension>
</extensions>
</trkpt>
<trkpt lat="46.2944034" lon="13.7120287">
<ele>1899.80</ele>
<time>2026-07-25T07:50:40.688Z</time>
<extensions>
<gpxtpx:TrackPointExtension>
<gpxtpx:hr>117</gpxtpx:hr>
</gpxtpx:TrackPointExtension>
</extensions>
</trkpt>
<trkpt lat="46.2944220" lon="13.7122912">
<ele>1894.03</ele>
<time>2026-07-25T07:56:36.157Z</time>
<extensions>
<gpxtpx:TrackPointExtension>
<gpxtpx:hr>95</gpxtpx:hr>
</gpxtpx:TrackPointExtension>
</extensions>
</trkpt>
<trkpt lat="46.2945487" lon="13.7125516">
<ele>1879.65</ele>
<time>2026-07-25T07:57:34.012Z</time>
<extensions>
<gpxtpx:TrackPointExtension>
<gpxtpx:hr>96</gpxtpx:hr>
</gpxtpx:TrackPointExtension>
</extensions>
</trkpt>
<trkpt lat="46.2943742" lon="13.7126334">
<ele>1892.06</ele>
<time>2026-07-25T07:58:32.668Z</time>
<extensions>
<gpxtpx:TrackPointExtension>
<gpxtpx:hr>94</gpxtpx:hr>
</gpxtpx:TrackPointExtension>
</extensions>
</trkpt>
<trkpt lat="46.2941583" lon="13.7125917">
<ele>1908.78</ele>
<time>2026-07-25T08:00:04.081Z</time>
<extensions>
<gpxtpx:TrackPointExtension>
<gpxtpx:hr>103</gpxtpx:hr>
</gpxtpx:TrackPointExtension>
</extensions>
</trkpt>
<trkpt lat="46.2939983" lon="13.7127200">
<ele>1902.13</ele>
<time>2026-07-25T08:01:52.081Z</time>
<extensions>
<gpxtpx:TrackPointExtension>
<gpxtpx:hr>106</gpxtpx:hr>
</gpxtpx:TrackPointExtension>
</extensions>
</trkpt>
<trkpt lat="46.2939033" lon="13.7129417">
<ele>1899.78</ele>
<time>2026-07-25T08:02:17.081Z</time>
<extensions>
<gpxtpx:TrackPointExtension>
<gpxtpx:hr>110</gpxtpx:hr>
</gpxtpx:TrackPointExtension>
</extensions>
</trkpt>
<trkpt lat="46.2937802" lon="13.7131320">
<ele>1898.97</ele>
<time>2026-07-25T08:02:45.191Z</time>
<extensions>
<gpxtpx:TrackPointExtension>
<gpxtpx:hr>110</gpxtpx:hr>
</gpxtpx:TrackPointExtension>
</extensions>
</trkpt>
<trkpt lat="46.2936470" lon="13.7133136">
<ele>1900.41</ele>
<time>2026-07-25T08:03:04.312Z</time>
<extensions>
<gpxtpx:TrackPointExtension>
<gpxtpx:hr>99</gpxtpx:hr>
</gpxtpx:TrackPointExtension>
</extensions>
</trkpt>
<trkpt lat="46.2935150" lon="13.7134968">
<ele>1901.66</ele>
<time>2026-07-25T08:03:17.049Z</time>
<extensions>
<gpxtpx:TrackPointExtension>
<gpxtpx:hr>103</gpxtpx:hr>
</gpxtpx:TrackPointExtension>
</extensions>
</trkpt>
<trkpt lat="46.2933498" lon="13.7136074">
<ele>1904.11</ele>
<time>2026-07-25T08:03:32.649Z</time>
<extensions>
<gpxtpx:TrackPointExtension>
<gpxtpx:hr>105</gpxtpx:hr>
</gpxtpx:TrackPointExtension>
</extensions>
</trkpt>
<trkpt lat="46.2932021" lon="13.7137592">
<ele>1903.81</ele>
<time>2026-07-25T08:03:52.051Z</time>
<extensions>
<gpxtpx:TrackPointExtension>
<gpxtpx:hr>109</gpxtpx:hr>
</gpxtpx:TrackPointExtension>
</extensions>
</trkpt>
<trkpt lat="46.2930421" lon="13.7138866">
<ele>1902.23</ele>
<time>2026-07-25T08:04:06.987Z</time>
<extensions>
<gpxtpx:TrackPointExtension>
<gpxtpx:hr>110</gpxtpx:hr>
</gpxtpx:TrackPointExtension>
</extensions>
</trkpt>
<trkpt lat="46.2928656" lon="13.7139566">
<ele>1899.34</ele>
<time>2026-07-25T08:04:24.609Z</time>
<extensions>
<gpxtpx:TrackPointExtension>
<gpxtpx:hr>111</gpxtpx:hr>
</gpxtpx:TrackPointExtension>
</extensions>
</trkpt>
<trkpt lat="46.2926951" lon="13.7140609">
<ele>1896.99</ele>
<time>2026-07-25T08:04:40.389Z</time>
<extensions>
<gpxtpx:TrackPointExtension>
<gpxtpx:hr>115</gpxtpx:hr>
</gpxtpx:TrackPointExtension>
</extensions>
</trkpt>
<trkpt lat="46.2926455" lon="13.7143177">
<ele>1894.41</ele>
<time>2026-07-25T08:04:57.050Z</time>
<extensions>
<gpxtpx:TrackPointExtension>
<gpxtpx:hr>122</gpxtpx:hr>
</gpxtpx:TrackPointExtension>
</extensions>
</trkpt>
<trkpt lat="46.2926547" lon="13.7145780">
<ele>1889.71</ele>
<time>2026-07-25T08:05:14.511Z</time>
<extensions>
<gpxtpx:TrackPointExtension>
<gpxtpx:hr>112</gpxtpx:hr>
</gpxtpx:TrackPointExtension>
</extensions>
</trkpt>
<trkpt lat="46.2927380" lon="13.7148149">
<ele>1888.42</ele>
<time>2026-07-25T08:05:27.872Z</time>
<extensions>
<gpxtpx:TrackPointExtension>
<gpxtpx:hr>122</gpxtpx:hr>
</gpxtpx:TrackPointExtension>
</extensions>
</trkpt>
<trkpt lat="46.2928300" lon="13.7150460">
<ele>1888.20</ele>
<time>2026-07-25T08:05:56.028Z</time>
<extensions>
<gpxtpx:TrackPointExtension>
<gpxtpx:hr>132</gpxtpx:hr>
</gpxtpx:TrackPointExtension>
</extensions>
</trkpt>
<trkpt lat="46.2928255" lon="13.7153084">
<ele>1881.98</ele>
<time>2026-07-25T08:06:21.105Z</time>
<extensions>
<gpxtpx:TrackPointExtension>
<gpxtpx:hr>125</gpxtpx:hr>
</gpxtpx:TrackPointExtension>
</extensions>
</trkpt>
<trkpt lat="46.2930822" lon="13.7157499">
<ele>1880.72</ele>
<time>2026-07-25T08:06:53.992Z</time>
<extensions>
<gpxtpx:TrackPointExtension>
<gpxtpx:hr>124</gpxtpx:hr>
</gpxtpx:TrackPointExtension>
</extensions>
</trkpt>
<trkpt lat="46.2932647" lon="13.7157620">
<ele>1886.69</ele>
<time>2026-07-25T08:07:37.171Z</time>
<extensions>
<gpxtpx:TrackPointExtension>
<gpxtpx:hr>109</gpxtpx:hr>
</gpxtpx:TrackPointExtension>
</extensions>
</trkpt>
<trkpt lat="46.2934006" lon="13.7159329">
<ele>1883.87</ele>
<time>2026-07-25T08:07:52.368Z</time>
<extensions>
<gpxtpx:TrackPointExtension>
<gpxtpx:hr>106</gpxtpx:hr>
</gpxtpx:TrackPointExtension>
</extensions>
</trkpt>
<trkpt lat="46.2935237" lon="13.7161278">
<ele>1880.21</ele>
<time>2026-07-25T08:08:11.072Z</time>
<extensions>
<gpxtpx:TrackPointExtension>
<gpxtpx:hr>105</gpxtpx:hr>
</gpxtpx:TrackPointExtension>
</extensions>
</trkpt>
<trkpt lat="46.2936280" lon="13.7163399">
<ele>1879.54</ele>
<time>2026-07-25T08:08:36.270Z</time>
<extensions>
<gpxtpx:TrackPointExtension>
<gpxtpx:hr>99</gpxtpx:hr>
</gpxtpx:TrackPointExtension>
</extensions>
</trkpt>
<trkpt lat="46.2937367" lon="13.7165545">
<ele>1881.62</ele>
<time>2026-07-25T08:08:52.992Z</time>
<extensions>
<gpxtpx:TrackPointExtension>
<gpxtpx:hr>98</gpxtpx:hr>
</gpxtpx:TrackPointExtension>
</extensions>
</trkpt>
<trkpt lat="46.2938022" lon="13.7168027">
<ele>1884.58</ele>
<time>2026-07-25T08:09:10.589Z</time>
<extensions>
<gpxtpx:TrackPointExtension>
<gpxtpx:hr>102</gpxtpx:hr>
</gpxtpx:TrackPointExtension>
</extensions>
</trkpt>
<trkpt lat="46.2939388" lon="13.7169974">
<ele>1889.15</ele>
<time>2026-07-25T08:09:30.813Z</time>
<extensions>
<gpxtpx:TrackPointExtension>
<gpxtpx:hr>105</gpxtpx:hr>
</gpxtpx:TrackPointExtension>
</extensions>
</trkpt>
<trkpt lat="46.2941153" lon="13.7171691">
<ele>1896.01</ele>
<time>2026-07-25T08:10:06.148Z</time>
<extensions>
<gpxtpx:TrackPointExtension>
<gpxtpx:hr>106</gpxtpx:hr>
</gpxtpx:TrackPointExtension>
</extensions>
</trkpt>
<trkpt lat="46.2942262" lon="13.7173835">
<ele>1898.90</ele>
<time>2026-07-25T08:10:21.080Z</time>
<extensions>
<gpxtpx:TrackPointExtension>
<gpxtpx:hr>107</gpxtpx:hr>
</gpxtpx:TrackPointExtension>
</extensions>
</trkpt>
<trkpt lat="46.2943825" lon="13.7175172">
<ele>1896.35</ele>
<time>2026-07-25T08:10:40.931Z</time>
<extensions>
<gpxtpx:TrackPointExtension>
<gpxtpx:hr>106</gpxtpx:hr>
</gpxtpx:TrackPointExtension>
</extensions>
</trkpt>
<trkpt lat="46.2944870" lon="13.7177320">
<ele>1895.40</ele>
<time>2026-07-25T08:10:59.111Z</time>
<extensions>
<gpxtpx:TrackPointExtension>
<gpxtpx:hr>104</gpxtpx:hr>
</gpxtpx:TrackPointExtension>
</extensions>
</trkpt>
<trkpt lat="46.2946015" lon="13.7179373">
<ele>1896.41</ele>
<time>2026-07-25T08:11:18.031Z</time>
<extensions>
<gpxtpx:TrackPointExtension>
<gpxtpx:hr>105</gpxtpx:hr>
</gpxtpx:TrackPointExtension>
</extensions>
</trkpt>
<trkpt lat="46.2946632" lon="13.7181877">
<ele>1900.17</ele>
<time>2026-07-25T08:11:35.668Z</time>
<extensions>
<gpxtpx:TrackPointExtension>
<gpxtpx:hr>109</gpxtpx:hr>
</gpxtpx:TrackPointExtension>
</extensions>
</trkpt>
<trkpt lat="46.2947050" lon="13.7184440">
<ele>1901.58</ele>
<time>2026-07-25T08:11:52.133Z</time>
<extensions>
<gpxtpx:TrackPointExtension>
<gpxtpx:hr>109</gpxtpx:hr>
</gpxtpx:TrackPointExtension>
</extensions>
</trkpt>
<trkpt lat="46.2947394" lon="13.7187693">
<ele>1897.38</ele>
<time>2026-07-25T08:12:47.149Z</time>
<extensions>
<gpxtpx:TrackPointExtension>
<gpxtpx:hr>115</gpxtpx:hr>
</gpxtpx:TrackPointExtension>
</extensions>
</trkpt>
<trkpt lat="46.2946906" lon="13.7190256">
<ele>1893.44</ele>
<time>2026-07-25T08:12:58.770Z</time>
<extensions>
<gpxtpx:TrackPointExtension>
<gpxtpx:hr>122</gpxtpx:hr>
</gpxtpx:TrackPointExtension>
</extensions>
</trkpt>
<trkpt lat="46.2947035" lon="13.7192914">
<ele>1890.84</ele>
<time>2026-07-25T08:13:17.112Z</time>
<extensions>
<gpxtpx:TrackPointExtension>
<gpxtpx:hr>134</gpxtpx:hr>
</gpxtpx:TrackPointExtension>
</extensions>
</trkpt>
<trkpt lat="46.2947466" lon="13.7195450">
<ele>1889.47</ele>
<time>2026-07-25T08:13:32.853Z</time>
<extensions>
<gpxtpx:TrackPointExtension>
<gpxtpx:hr>133</gpxtpx:hr>
</gpxtpx:TrackPointExtension>
</extensions>
</trkpt>
<trkpt lat="46.2947411" lon="13.7198074">
<ele>1887.86</ele>
<time>2026-07-25T08:13:51.229Z</time>
<extensions>
<gpxtpx:TrackPointExtension>
<gpxtpx:hr>138</gpxtpx:hr>
</gpxtpx:TrackPointExtension>
</extensions>
</trkpt>
<trkpt lat="46.2947616" lon="13.7200751">
<ele>1887.00</ele>
<time>2026-07-25T08:14:10.848Z</time>
<extensions>
<gpxtpx:TrackPointExtension>
<gpxtpx:hr>140</gpxtpx:hr>
</gpxtpx:TrackPointExtension>
</extensions>
</trkpt>
<trkpt lat="46.2947108" lon="13.7203253">
<ele>1887.64</ele>
<time>2026-07-25T08:14:25.568Z</time>
<extensions>
<gpxtpx:TrackPointExtension>
<gpxtpx:hr>139</gpxtpx:hr>
</gpxtpx:TrackPointExtension>
</extensions>
</trkpt>
<trkpt lat="46.2947558" lon="13.7205775">
<ele>1888.83</ele>
<time>2026-07-25T08:14:49.126Z</time>
<extensions>
<gpxtpx:TrackPointExtension>
<gpxtpx:hr>138</gpxtpx:hr>
</gpxtpx:TrackPointExtension>
</extensions>
</trkpt>
<trkpt lat="46.2949241" lon="13.7206762">
<ele>1891.04</ele>
<time>2026-07-25T08:15:07.150Z</time>
<extensions>
<gpxtpx:TrackPointExtension>
<gpxtpx:hr>132</gpxtpx:hr>
</gpxtpx:TrackPointExtension>
</extensions>
</trkpt>
<trkpt lat="46.2950573" lon="13.7208636">
<ele>1893.99</ele>
<time>2026-07-25T08:15:39.109Z</time>
<extensions>
<gpxtpx:TrackPointExtension>
<gpxtpx:hr>134</gpxtpx:hr>
</gpxtpx:TrackPointExtension>
</extensions>
</trkpt>
<trkpt lat="46.2952380" lon="13.7209130">
<ele>1897.30</ele>
<time>2026-07-25T08:15:56.128Z</time>
<extensions>
<gpxtpx:TrackPointExtension>
<gpxtpx:hr>140</gpxtpx:hr>
</gpxtpx:TrackPointExtension>
</extensions>
</trkpt>
<trkpt lat="46.2954032" lon="13.7210371">
<ele>1901.08</ele>
<time>2026-07-25T08:16:17.568Z</time>
<extensions>
<gpxtpx:TrackPointExtension>
<gpxtpx:hr>134</gpxtpx:hr>
</gpxtpx:TrackPointExtension>
</extensions>
</trkpt>
<trkpt lat="46.2955313" lon="13.7212302">
<ele>1905.27</ele>
<time>2026-07-25T08:16:34.164Z</time>
<extensions>
<gpxtpx:TrackPointExtension>
<gpxtpx:hr>129</gpxtpx:hr>
</gpxtpx:TrackPointExtension>
</extensions>
</trkpt>
<trkpt lat="46.2955444" lon="13.7214900">
<ele>1907.81</ele>
<time>2026-07-25T08:16:50.971Z</time>
<extensions>
<gpxtpx:TrackPointExtension>
<gpxtpx:hr>129</gpxtpx:hr>
</gpxtpx:TrackPointExtension>
</extensions>
</trkpt>
<trkpt lat="46.2957259" lon="13.7214725">
<ele>1912.54</ele>
<time>2026-07-25T08:17:31.468Z</time>
<extensions>
<gpxtpx:TrackPointExtension>
<gpxtpx:hr>121</gpxtpx:hr>
</gpxtpx:TrackPointExtension>
</extensions>
</trkpt>
<trkpt lat="46.2958921" lon="13.7215865">
<ele>1917.49</ele>
<time>2026-07-25T08:18:02.371Z</time>
<extensions>
<gpxtpx:TrackPointExtension>
<gpxtpx:hr>124</gpxtpx:hr>
</gpxtpx:TrackPointExtension>
</extensions>
</trkpt>
<trkpt lat="46.2960414" lon="13.7217329">
<ele>1920.70</ele>
<time>2026-07-25T08:18:21.150Z</time>
<extensions>
<gpxtpx:TrackPointExtension>
<gpxtpx:hr>140</gpxtpx:hr>
</gpxtpx:TrackPointExtension>
</extensions>
</trkpt>
<trkpt lat="46.2962113" lon="13.7218218">
<ele>1923.11</ele>
<time>2026-07-25T08:18:49.188Z</time>
<extensions>
<gpxtpx:TrackPointExtension>
<gpxtpx:hr>108</gpxtpx:hr>
</gpxtpx:TrackPointExtension>
</extensions>
</trkpt>
<trkpt lat="46.2963178" lon="13.7220345">
<ele>1925.62</ele>
<time>2026-07-25T08:19:17.711Z</time>
<extensions>
<gpxtpx:TrackPointExtension>
<gpxtpx:hr>108</gpxtpx:hr>
</gpxtpx:TrackPointExtension>
</extensions>
</trkpt>
<trkpt lat="46.2962919" lon="13.7222992">
<ele>1927.09</ele>
<time>2026-07-25T08:19:39.996Z</time>
<extensions>
<gpxtpx:TrackPointExtension>
<gpxtpx:hr>113</gpxtpx:hr>
</gpxtpx:TrackPointExtension>
</extensions>
</trkpt>
<trkpt lat="46.2962222" lon="13.7225444">
<ele>1928.98</ele>
<time>2026-07-25T08:19:57.532Z</time>
<extensions>
<gpxtpx:TrackPointExtension>
<gpxtpx:hr>111</gpxtpx:hr>
</gpxtpx:TrackPointExtension>
</extensions>
</trkpt>
<trkpt lat="46.2962273" lon="13.7228088">
<ele>1936.46</ele>
<time>2026-07-25T08:20:20.612Z</time>
<extensions>
<gpxtpx:TrackPointExtension>
<gpxtpx:hr>113</gpxtpx:hr>
</gpxtpx:TrackPointExtension>
</extensions>
</trkpt>
<trkpt lat="46.2962552" lon="13.7230716">
<ele>1944.18</ele>
<time>2026-07-25T08:20:54.090Z</time>
<extensions>
<gpxtpx:TrackPointExtension>
<gpxtpx:hr>105</gpxtpx:hr>
</gpxtpx:TrackPointExtension>
</extensions>
</trkpt>
<trkpt lat="46.2961413" lon="13.7232787">
<ele>1948.55</ele>
<time>2026-07-25T08:21:25.471Z</time>
<extensions>
<gpxtpx:TrackPointExtension>
<gpxtpx:hr>107</gpxtpx:hr>
</gpxtpx:TrackPointExtension>
</extensions>
</trkpt>
<trkpt lat="46.2961943" lon="13.7235320">
<ele>1953.20</ele>
<time>2026-07-25T08:22:00.111Z</time>
<extensions>
<gpxtpx:TrackPointExtension>
<gpxtpx:hr>128</gpxtpx:hr>
</gpxtpx:TrackPointExtension>
</extensions>
</trkpt>
<trkpt lat="46.2963268" lon="13.7237159">
<ele>1958.07</ele>
<time>2026-07-25T08:22:32.709Z</time>
<extensions>
<gpxtpx:TrackPointExtension>
<gpxtpx:hr>139</gpxtpx:hr>
</gpxtpx:TrackPointExtension>
</extensions>
</trkpt>
<trkpt lat="46.2964531" lon="13.7239113">
<ele>1963.84</ele>
<time>2026-07-25T08:23:03.748Z</time>
<extensions>
<gpxtpx:TrackPointExtension>
<gpxtpx:hr>133</gpxtpx:hr>
</gpxtpx:TrackPointExtension>
</extensions>
</trkpt>
<trkpt lat="46.2966071" lon="13.7240520">
<ele>1970.13</ele>
<time>2026-07-25T08:23:35.908Z</time>
<extensions>
<gpxtpx:TrackPointExtension>
<gpxtpx:hr>139</gpxtpx:hr>
</gpxtpx:TrackPointExtension>
</extensions>
</trkpt>
<trkpt lat="46.2966834" lon="13.7242898">
<ele>1975.77</ele>
<time>2026-07-25T08:24:10.850Z</time>
<extensions>
<gpxtpx:TrackPointExtension>
<gpxtpx:hr>148</gpxtpx:hr>
</gpxtpx:TrackPointExtension>
</extensions>
</trkpt>
<trkpt lat="46.2967447" lon="13.7245408">
<ele>1979.01</ele>
<time>2026-07-25T08:24:41.532Z</time>
<extensions>
<gpxtpx:TrackPointExtension>
<gpxtpx:hr>141</gpxtpx:hr>
</gpxtpx:TrackPointExtension>
</extensions>
</trkpt>
<trkpt lat="46.2967107" lon="13.7248058">
<ele>1983.44</ele>
<time>2026-07-25T08:25:11.650Z</time>
<extensions>
<gpxtpx:TrackPointExtension>
<gpxtpx:hr>144</gpxtpx:hr>
</gpxtpx:TrackPointExtension>
</extensions>
</trkpt>
<trkpt lat="46.2966996" lon="13.7250921">
<ele>1984.01</ele>
<time>2026-07-25T08:28:24.196Z</time>
<extensions>
<gpxtpx:TrackPointExtension>
<gpxtpx:hr>91</gpxtpx:hr>
</gpxtpx:TrackPointExtension>
</extensions>
</trkpt>
<trkpt lat="46.2968013" lon="13.7249014">
<ele>1983.76</ele>
<time>2026-07-25T08:37:08.190Z</time>
<extensions>
<gpxtpx:TrackPointExtension>
<gpxtpx:hr>96</gpxtpx:hr>
</gpxtpx:TrackPointExtension>
</extensions>
</trkpt>
<trkpt lat="46.2969538" lon="13.7247495">
<ele>1979.72</ele>
<time>2026-07-25T08:39:25.868Z</time>
<extensions>
<gpxtpx:TrackPointExtension>
<gpxtpx:hr>92</gpxtpx:hr>
</gpxtpx:TrackPointExtension>
</extensions>
</trkpt>
<trkpt lat="46.2971350" lon="13.7247393">
<ele>1977.45</ele>
<time>2026-07-25T08:39:47.148Z</time>
<extensions>
<gpxtpx:TrackPointExtension>
<gpxtpx:hr>99</gpxtpx:hr>
</gpxtpx:TrackPointExtension>
</extensions>
</trkpt>
<trkpt lat="46.2973114" lon="13.7247974">
<ele>1976.08</ele>
<time>2026-07-25T08:40:09.931Z</time>
<extensions>
<gpxtpx:TrackPointExtension>
<gpxtpx:hr>104</gpxtpx:hr>
</gpxtpx:TrackPointExtension>
</extensions>
</trkpt>
<trkpt lat="46.2974925" lon="13.7247479">
<ele>1973.37</ele>
<time>2026-07-25T08:40:53.168Z</time>
<extensions>
<gpxtpx:TrackPointExtension>
<gpxtpx:hr>106</gpxtpx:hr>
</gpxtpx:TrackPointExtension>
</extensions>
</trkpt>
<trkpt lat="46.2976507" lon="13.7248967">
<ele>1973.94</ele>
<time>2026-07-25T08:41:12.670Z</time>
<extensions>
<gpxtpx:TrackPointExtension>
<gpxtpx:hr>111</gpxtpx:hr>
</gpxtpx:TrackPointExtension>
</extensions>
</trkpt>
<trkpt lat="46.2978360" lon="13.7248714">
<ele>1972.47</ele>
<time>2026-07-25T08:41:28.967Z</time>
<extensions>
<gpxtpx:TrackPointExtension>
<gpxtpx:hr>124</gpxtpx:hr>
</gpxtpx:TrackPointExtension>
</extensions>
</trkpt>
<trkpt lat="46.2980166" lon="13.7248541">
<ele>1971.11</ele>
<time>2026-07-25T08:41:51.371Z</time>
<extensions>
<gpxtpx:TrackPointExtension>
<gpxtpx:hr>119</gpxtpx:hr>
</gpxtpx:TrackPointExtension>
</extensions>
</trkpt>
<trkpt lat="46.2981747" lon="13.7249832">
<ele>1971.74</ele>
<time>2026-07-25T08:42:13.181Z</time>
<extensions>
<gpxtpx:TrackPointExtension>
<gpxtpx:hr>126</gpxtpx:hr>
</gpxtpx:TrackPointExtension>
</extensions>
</trkpt>
<trkpt lat="46.2982753" lon="13.7252052">
<ele>1966.78</ele>
<time>2026-07-25T08:42:31.747Z</time>
<extensions>
<gpxtpx:TrackPointExtension>
<gpxtpx:hr>130</gpxtpx:hr>
</gpxtpx:TrackPointExtension>
</extensions>
</trkpt>
<trkpt lat="46.2984299" lon="13.7253537">
<ele>1961.05</ele>
<time>2026-07-25T08:42:53.828Z</time>
<extensions>
<gpxtpx:TrackPointExtension>
<gpxtpx:hr>134</gpxtpx:hr>
</gpxtpx:TrackPointExtension>
</extensions>
</trkpt>
<trkpt lat="46.2985984" lon="13.7254512">
<ele>1956.60</ele>
<time>2026-07-25T08:43:22.489Z</time>
<extensions>
<gpxtpx:TrackPointExtension>
<gpxtpx:hr>131</gpxtpx:hr>
</gpxtpx:TrackPointExtension>
</extensions>
</trkpt>
<trkpt lat="46.2987332" lon="13.7256280">
<ele>1954.99</ele>
<time>2026-07-25T08:43:54.091Z</time>
<extensions>
<gpxtpx:TrackPointExtension>
<gpxtpx:hr>128</gpxtpx:hr>
</gpxtpx:TrackPointExtension>
</extensions>
</trkpt>
<trkpt lat="46.2988896" lon="13.7257720">
<ele>1956.12</ele>
<time>2026-07-25T08:44:16.811Z</time>
<extensions>
<gpxtpx:TrackPointExtension>
<gpxtpx:hr>125</gpxtpx:hr>
</gpxtpx:TrackPointExtension>
</extensions>
</trkpt>
<trkpt lat="46.2991821" lon="13.7259452">
<ele>1957.07</ele>
<time>2026-07-25T08:44:53.109Z</time>
<extensions>
<gpxtpx:TrackPointExtension>
<gpxtpx:hr>125</gpxtpx:hr>
</gpxtpx:TrackPointExtension>
</extensions>
</trkpt>
<trkpt lat="46.2993215" lon="13.7261891">
<ele>1950.72</ele>
<time>2026-07-25T08:45:59.133Z</time>
<extensions>
<gpxtpx:TrackPointExtension>
<gpxtpx:hr>120</gpxtpx:hr>
</gpxtpx:TrackPointExtension>
</extensions>
</trkpt>
<trkpt lat="46.2994478" lon="13.7263746">
<ele>1945.47</ele>
<time>2026-07-25T08:46:40.177Z</time>
<extensions>
<gpxtpx:TrackPointExtension>
<gpxtpx:hr>108</gpxtpx:hr>
</gpxtpx:TrackPointExtension>
</extensions>
</trkpt>
<trkpt lat="46.2994503" lon="13.7266404">
<ele>1941.59</ele>
<time>2026-07-25T08:46:57.670Z</time>
<extensions>
<gpxtpx:TrackPointExtension>
<gpxtpx:hr>106</gpxtpx:hr>
</gpxtpx:TrackPointExtension>
</extensions>
</trkpt>
<trkpt lat="46.2995689" lon="13.7268364">
<ele>1934.04</ele>
<time>2026-07-25T08:47:16.150Z</time>
<extensions>
<gpxtpx:TrackPointExtension>
<gpxtpx:hr>113</gpxtpx:hr>
</gpxtpx:TrackPointExtension>
</extensions>
</trkpt>
<trkpt lat="46.2997437" lon="13.7269013">
<ele>1929.84</ele>
<time>2026-07-25T08:47:47.627Z</time>
<extensions>
<gpxtpx:TrackPointExtension>
<gpxtpx:hr>104</gpxtpx:hr>
</gpxtpx:TrackPointExtension>
</extensions>
</trkpt>
<trkpt lat="46.2998081" lon="13.7271483">
<ele>1923.74</ele>
<time>2026-07-25T08:48:27.091Z</time>
<extensions>
<gpxtpx:TrackPointExtension>
<gpxtpx:hr>108</gpxtpx:hr>
</gpxtpx:TrackPointExtension>
</extensions>
</trkpt>
<trkpt lat="46.2997896" lon="13.7274174">
<ele>1918.03</ele>
<time>2026-07-25T08:49:00.152Z</time>
<extensions>
<gpxtpx:TrackPointExtension>
<gpxtpx:hr>117</gpxtpx:hr>
</gpxtpx:TrackPointExtension>
</extensions>
</trkpt>
<trkpt lat="46.2998866" lon="13.7276425">
<ele>1909.96</ele>
<time>2026-07-25T08:49:32.870Z</time>
<extensions>
<gpxtpx:TrackPointExtension>
<gpxtpx:hr>119</gpxtpx:hr>
</gpxtpx:TrackPointExtension>
</extensions>
</trkpt>
<trkpt lat="46.3000548" lon="13.7275453">
<ele>1911.23</ele>
<time>2026-07-25T08:50:28.691Z</time>
<extensions>
<gpxtpx:TrackPointExtension>
<gpxtpx:hr>124</gpxtpx:hr>
</gpxtpx:TrackPointExtension>
</extensions>
</trkpt>
<trkpt lat="46.3000896" lon="13.7278122">
<ele>1898.74</ele>
<time>2026-07-25T08:51:05.810Z</time>
<extensions>
<gpxtpx:TrackPointExtension>
<gpxtpx:hr>115</gpxtpx:hr>
</gpxtpx:TrackPointExtension>
</extensions>
</trkpt>
<trkpt lat="46.3001732" lon="13.7280717">
<ele>1886.42</ele>
<time>2026-07-25T08:53:34.127Z</time>
<extensions>
<gpxtpx:TrackPointExtension>
<gpxtpx:hr>111</gpxtpx:hr>
</gpxtpx:TrackPointExtension>
</extensions>
</trkpt>
<trkpt lat="46.3002500" lon="13.7283117">
<ele>1877.86</ele>
<time>2026-07-25T08:54:19.085Z</time>
<extensions>
<gpxtpx:TrackPointExtension>
<gpxtpx:hr>110</gpxtpx:hr>
</gpxtpx:TrackPointExtension>
</extensions>
</trkpt>
<trkpt lat="46.3004188" lon="13.7284064">
<ele>1873.33</ele>
<time>2026-07-25T08:55:06.978Z</time>
<extensions>
<gpxtpx:TrackPointExtension>
<gpxtpx:hr>114</gpxtpx:hr>
</gpxtpx:TrackPointExtension>
</extensions>
</trkpt>
<trkpt lat="46.3005387" lon="13.7286173">
<ele>1866.68</ele>
<time>2026-07-25T08:55:33.832Z</time>
<extensions>
<gpxtpx:TrackPointExtension>
<gpxtpx:hr>112</gpxtpx:hr>
</gpxtpx:TrackPointExtension>
</extensions>
</trkpt>
<trkpt lat="46.3007028" lon="13.7287331">
<ele>1863.46</ele>
<time>2026-07-25T08:56:00.193Z</time>
<extensions>
<gpxtpx:TrackPointExtension>
<gpxtpx:hr>118</gpxtpx:hr>
</gpxtpx:TrackPointExtension>
</extensions>
</trkpt>
<trkpt lat="46.3008419" lon="13.7289025">
<ele>1859.86</ele>
<time>2026-07-25T08:56:33.088Z</time>
<extensions>
<gpxtpx:TrackPointExtension>
<gpxtpx:hr>123</gpxtpx:hr>
</gpxtpx:TrackPointExtension>
</extensions>
</trkpt>
<trkpt lat="46.3010136" lon="13.7288108">
<ele>1857.41</ele>
<time>2026-07-25T08:57:48.027Z</time>
<extensions>
<gpxtpx:TrackPointExtension>
<gpxtpx:hr>105</gpxtpx:hr>
</gpxtpx:TrackPointExtension>
</extensions>
</trkpt>
<trkpt lat="46.3011548" lon="13.7289776">
<ele>1850.83</ele>
<time>2026-07-25T08:58:38.028Z</time>
<extensions>
<gpxtpx:TrackPointExtension>
<gpxtpx:hr>135</gpxtpx:hr>
</gpxtpx:TrackPointExtension>
</extensions>
</trkpt>
<trkpt lat="46.3012473" lon="13.7292035">
<ele>1844.58</ele>
<time>2026-07-25T08:58:57.388Z</time>
<extensions>
<gpxtpx:TrackPointExtension>
<gpxtpx:hr>141</gpxtpx:hr>
</gpxtpx:TrackPointExtension>
</extensions>
</trkpt>
<trkpt lat="46.3012367" lon="13.7294658">
<ele>1841.27</ele>
<time>2026-07-25T08:59:18.930Z</time>
<extensions>
<gpxtpx:TrackPointExtension>
<gpxtpx:hr>141</gpxtpx:hr>
</gpxtpx:TrackPointExtension>
</extensions>
</trkpt>
<trkpt lat="46.3011557" lon="13.7296995">
<ele>1838.93</ele>
<time>2026-07-25T08:59:36.630Z</time>
<extensions>
<gpxtpx:TrackPointExtension>
<gpxtpx:hr>135</gpxtpx:hr>
</gpxtpx:TrackPointExtension>
</extensions>
</trkpt>
<trkpt lat="46.3011096" lon="13.7299712">
<ele>1834.82</ele>
<time>2026-07-25T09:00:03.851Z</time>
<extensions>
<gpxtpx:TrackPointExtension>
<gpxtpx:hr>138</gpxtpx:hr>
</gpxtpx:TrackPointExtension>
</extensions>
</trkpt>
<trkpt lat="46.3011085" lon="13.7302338">
<ele>1834.79</ele>
<time>2026-07-25T09:00:28.628Z</time>
<extensions>
<gpxtpx:TrackPointExtension>
<gpxtpx:hr>133</gpxtpx:hr>
</gpxtpx:TrackPointExtension>
</extensions>
</trkpt>
<trkpt lat="46.3009872" lon="13.7304298">
<ele>1833.73</ele>
<time>2026-07-25T09:02:49.121Z</time>
<extensions>
<gpxtpx:TrackPointExtension>
<gpxtpx:hr>98</gpxtpx:hr>
</gpxtpx:TrackPointExtension>
</extensions>
</trkpt>
<trkpt lat="46.3008200" lon="13.7305308">
<ele>1830.84</ele>
<time>2026-07-25T09:03:13.848Z</time>
<extensions>
<gpxtpx:TrackPointExtension>
<gpxtpx:hr>119</gpxtpx:hr>
</gpxtpx:TrackPointExtension>
</extensions>
</trkpt>
<trkpt lat="46.3006759" lon="13.7307027">
<ele>1825.08</ele>
<time>2026-07-25T09:03:34.732Z</time>
<extensions>
<gpxtpx:TrackPointExtension>
<gpxtpx:hr>134</gpxtpx:hr>
</gpxtpx:TrackPointExtension>
</extensions>
</trkpt>
<trkpt lat="46.3005140" lon="13.7308176">
<ele>1818.15</ele>
<time>2026-07-25T09:03:57.129Z</time>
<extensions>
<gpxtpx:TrackPointExtension>
<gpxtpx:hr>138</gpxtpx:hr>
</gpxtpx:TrackPointExtension>
</extensions>
</trkpt>
<trkpt lat="46.3004801" lon="13.7310822">
<ele>1812.35</ele>
<time>2026-07-25T09:04:16.167Z</time>
<extensions>
<gpxtpx:TrackPointExtension>
<gpxtpx:hr>144</gpxtpx:hr>
</gpxtpx:TrackPointExtension>
</extensions>
</trkpt>
<trkpt lat="46.3003746" lon="13.7312951">
<ele>1805.03</ele>
<time>2026-07-25T09:04:32.811Z</time>
<extensions>
<gpxtpx:TrackPointExtension>
<gpxtpx:hr>144</gpxtpx:hr>
</gpxtpx:TrackPointExtension>
</extensions>
</trkpt>
<trkpt lat="46.3003405" lon="13.7315607">
<ele>1799.27</ele>
<time>2026-07-25T09:04:52.407Z</time>
<extensions>
<gpxtpx:TrackPointExtension>
<gpxtpx:hr>146</gpxtpx:hr>
</gpxtpx:TrackPointExtension>
</extensions>
</trkpt>
<trkpt lat="46.3004019" lon="13.7318074">
<ele>1799.25</ele>
<time>2026-07-25T09:05:05.269Z</time>
<extensions>
<gpxtpx:TrackPointExtension>
<gpxtpx:hr>144</gpxtpx:hr>
</gpxtpx:TrackPointExtension>
</extensions>
</trkpt>
<trkpt lat="46.3004497" lon="13.7320686">
<ele>1800.37</ele>
<time>2026-07-25T09:05:20.967Z</time>
<extensions>
<gpxtpx:TrackPointExtension>
<gpxtpx:hr>144</gpxtpx:hr>
</gpxtpx:TrackPointExtension>
</extensions>
</trkpt>
<trkpt lat="46.3003812" lon="13.7323265">
<ele>1797.65</ele>
<time>2026-07-25T09:05:35.750Z</time>
<extensions>
<gpxtpx:TrackPointExtension>
<gpxtpx:hr>148</gpxtpx:hr>
</gpxtpx:TrackPointExtension>
</extensions>
</trkpt>
<trkpt lat="46.3002504" lon="13.7325233">
<ele>1792.98</ele>
<time>2026-07-25T09:05:53.148Z</time>
<extensions>
<gpxtpx:TrackPointExtension>
<gpxtpx:hr>148</gpxtpx:hr>
</gpxtpx:TrackPointExtension>
</extensions>
</trkpt>
<trkpt lat="46.3001670" lon="13.7327579">
<ele>1789.23</ele>
<time>2026-07-25T09:06:08.228Z</time>
<extensions>
<gpxtpx:TrackPointExtension>
<gpxtpx:hr>146</gpxtpx:hr>
</gpxtpx:TrackPointExtension>
</extensions>
</trkpt>
<trkpt lat="46.3000696" lon="13.7329914">
<ele>1785.63</ele>
<time>2026-07-25T09:06:21.431Z</time>
<extensions>
<gpxtpx:TrackPointExtension>
<gpxtpx:hr>143</gpxtpx:hr>
</gpxtpx:TrackPointExtension>
</extensions>
</trkpt>
<trkpt lat="46.3001474" lon="13.7332282">
<ele>1786.64</ele>
<time>2026-07-25T09:06:34.772Z</time>
<extensions>
<gpxtpx:TrackPointExtension>
<gpxtpx:hr>143</gpxtpx:hr>
</gpxtpx:TrackPointExtension>
</extensions>
</trkpt>
<trkpt lat="46.3001343" lon="13.7334901">
<ele>1784.41</ele>
<time>2026-07-25T09:06:48.950Z</time>
<extensions>
<gpxtpx:TrackPointExtension>
<gpxtpx:hr>145</gpxtpx:hr>
</gpxtpx:TrackPointExtension>
</extensions>
</trkpt>
<trkpt lat="46.2999772" lon="13.7336296">
<ele>1780.73</ele>
<time>2026-07-25T09:07:01.117Z</time>
<extensions>
<gpxtpx:TrackPointExtension>
<gpxtpx:hr>143</gpxtpx:hr>
</gpxtpx:TrackPointExtension>
</extensions>
</trkpt>
<trkpt lat="46.2998248" lon="13.7337764">
<ele>1779.02</ele>
<time>2026-07-25T09:07:14.452Z</time>
<extensions>
<gpxtpx:TrackPointExtension>
<gpxtpx:hr>145</gpxtpx:hr>
</gpxtpx:TrackPointExtension>
</extensions>
</trkpt>
<trkpt lat="46.2996976" lon="13.7339701">
<ele>1777.73</ele>
<time>2026-07-25T09:07:26.192Z</time>
<extensions>
<gpxtpx:TrackPointExtension>
<gpxtpx:hr>142</gpxtpx:hr>
</gpxtpx:TrackPointExtension>
</extensions>
</trkpt>
<trkpt lat="46.2995879" lon="13.7341779">
<ele>1776.95</ele>
<time>2026-07-25T09:07:38.450Z</time>
<extensions>
<gpxtpx:TrackPointExtension>
<gpxtpx:hr>143</gpxtpx:hr>
</gpxtpx:TrackPointExtension>
</extensions>
</trkpt>
<trkpt lat="46.2995830" lon="13.7344405">
<ele>1775.85</ele>
<time>2026-07-25T09:07:54.208Z</time>
<extensions>
<gpxtpx:TrackPointExtension>
<gpxtpx:hr>146</gpxtpx:hr>
</gpxtpx:TrackPointExtension>
</extensions>
</trkpt>
<trkpt lat="46.2994954" lon="13.7346779">
<ele>1774.66</ele>
<time>2026-07-25T09:08:07.568Z</time>
<extensions>
<gpxtpx:TrackPointExtension>
<gpxtpx:hr>146</gpxtpx:hr>
</gpxtpx:TrackPointExtension>
</extensions>
</trkpt>
<trkpt lat="46.2994289" lon="13.7349235">
<ele>1773.32</ele>
<time>2026-07-25T09:08:22.688Z</time>
<extensions>
<gpxtpx:TrackPointExtension>
<gpxtpx:hr>146</gpxtpx:hr>
</gpxtpx:TrackPointExtension>
</extensions>
</trkpt>
<trkpt lat="46.2993241" lon="13.7351399">
<ele>1771.68</ele>
<time>2026-07-25T09:08:35.670Z</time>
<extensions>
<gpxtpx:TrackPointExtension>
<gpxtpx:hr>147</gpxtpx:hr>
</gpxtpx:TrackPointExtension>
</extensions>
</trkpt>
<trkpt lat="46.2991831" lon="13.7353038">
<ele>1769.57</ele>
<time>2026-07-25T09:08:48.250Z</time>
<extensions>
<gpxtpx:TrackPointExtension>
<gpxtpx:hr>152</gpxtpx:hr>
</gpxtpx:TrackPointExtension>
</extensions>
</trkpt>
<trkpt lat="46.2990733" lon="13.7355167">
<ele>1767.77</ele>
<time>2026-07-25T09:09:01.630Z</time>
<extensions>
<gpxtpx:TrackPointExtension>
<gpxtpx:hr>150</gpxtpx:hr>
</gpxtpx:TrackPointExtension>
</extensions>
</trkpt>
<trkpt lat="46.2990437" lon="13.7361318">
<ele>1757.59</ele>
<time>2026-07-25T09:09:20.030Z</time>
<extensions>
<gpxtpx:TrackPointExtension>
<gpxtpx:hr>153</gpxtpx:hr>
</gpxtpx:TrackPointExtension>
</extensions>
</trkpt>
<trkpt lat="46.2990134" lon="13.7363934">
<ele>1751.14</ele>
<time>2026-07-25T09:10:05.910Z</time>
<extensions>
<gpxtpx:TrackPointExtension>
<gpxtpx:hr>149</gpxtpx:hr>
</gpxtpx:TrackPointExtension>
</extensions>
</trkpt>
<trkpt lat="46.2989839" lon="13.7366510">
<ele>1744.92</ele>
<time>2026-07-25T09:10:21.951Z</time>
<extensions>
<gpxtpx:TrackPointExtension>
<gpxtpx:hr>154</gpxtpx:hr>
</gpxtpx:TrackPointExtension>
</extensions>
</trkpt>
<trkpt lat="46.2989970" lon="13.7369140">
<ele>1736.41</ele>
<time>2026-07-25T09:10:36.090Z</time>
<extensions>
<gpxtpx:TrackPointExtension>
<gpxtpx:hr>153</gpxtpx:hr>
</gpxtpx:TrackPointExtension>
</extensions>
</trkpt>
<trkpt lat="46.2988587" lon="13.7370892">
<ele>1731.47</ele>
<time>2026-07-25T09:10:49.108Z</time>
<extensions>
<gpxtpx:TrackPointExtension>
<gpxtpx:hr>154</gpxtpx:hr>
</gpxtpx:TrackPointExtension>
</extensions>
</trkpt>
<trkpt lat="46.2989793" lon="13.7372882">
<ele>1724.34</ele>
<time>2026-07-25T09:11:24.087Z</time>
<extensions>
<gpxtpx:TrackPointExtension>
<gpxtpx:hr>143</gpxtpx:hr>
</gpxtpx:TrackPointExtension>
</extensions>
</trkpt>
<trkpt lat="46.2988549" lon="13.7374763">
<ele>1718.54</ele>
<time>2026-07-25T09:11:48.146Z</time>
<extensions>
<gpxtpx:TrackPointExtension>
<gpxtpx:hr>131</gpxtpx:hr>
</gpxtpx:TrackPointExtension>
</extensions>
</trkpt>
<trkpt lat="46.2988916" lon="13.7377390">
<ele>1712.79</ele>
<time>2026-07-25T09:12:04.142Z</time>
<extensions>
<gpxtpx:TrackPointExtension>
<gpxtpx:hr>132</gpxtpx:hr>
</gpxtpx:TrackPointExtension>
</extensions>
</trkpt>
<trkpt lat="46.2989045" lon="13.7380043">
<ele>1707.41</ele>
<time>2026-07-25T09:12:17.990Z</time>
<extensions>
<gpxtpx:TrackPointExtension>
<gpxtpx:hr>134</gpxtpx:hr>
</gpxtpx:TrackPointExtension>
</extensions>
</trkpt>
<trkpt lat="46.2989706" lon="13.7382562">
<ele>1702.58</ele>
<time>2026-07-25T09:12:32.109Z</time>
<extensions>
<gpxtpx:TrackPointExtension>
<gpxtpx:hr>133</gpxtpx:hr>
</gpxtpx:TrackPointExtension>
</extensions>
</trkpt>
<trkpt lat="46.2990790" lon="13.7384736">
<ele>1699.55</ele>
<time>2026-07-25T09:12:45.187Z</time>
<extensions>
<gpxtpx:TrackPointExtension>
<gpxtpx:hr>129</gpxtpx:hr>
</gpxtpx:TrackPointExtension>
</extensions>
</trkpt>
<trkpt lat="46.2992461" lon="13.7385988">
<ele>1700.43</ele>
<time>2026-07-25T09:12:57.949Z</time>
<extensions>
<gpxtpx:TrackPointExtension>
<gpxtpx:hr>133</gpxtpx:hr>
</gpxtpx:TrackPointExtension>
</extensions>
</trkpt>
<trkpt lat="46.2992847" lon="13.7388553">
<ele>1698.16</ele>
<time>2026-07-25T09:13:14.729Z</time>
<extensions>
<gpxtpx:TrackPointExtension>
<gpxtpx:hr>134</gpxtpx:hr>
</gpxtpx:TrackPointExtension>
</extensions>
</trkpt>
<trkpt lat="46.2993199" lon="13.7391128">
<ele>1695.89</ele>
<time>2026-07-25T09:13:26.248Z</time>
<extensions>
<gpxtpx:TrackPointExtension>
<gpxtpx:hr>134</gpxtpx:hr>
</gpxtpx:TrackPointExtension>
</extensions>
</trkpt>
<trkpt lat="46.2992851" lon="13.7393727">
<ele>1691.83</ele>
<time>2026-07-25T09:13:41.108Z</time>
<extensions>
<gpxtpx:TrackPointExtension>
<gpxtpx:hr>132</gpxtpx:hr>
</gpxtpx:TrackPointExtension>
</extensions>
</trkpt>
<trkpt lat="46.2992213" lon="13.7398705">
<ele>1683.66</ele>
<time>2026-07-25T09:14:20.109Z</time>
<extensions>
<gpxtpx:TrackPointExtension>
<gpxtpx:hr>122</gpxtpx:hr>
</gpxtpx:TrackPointExtension>
</extensions>
</trkpt>
<trkpt lat="46.2992862" lon="13.7401165">
<ele>1681.43</ele>
<time>2026-07-25T09:14:33.867Z</time>
<extensions>
<gpxtpx:TrackPointExtension>
<gpxtpx:hr>121</gpxtpx:hr>
</gpxtpx:TrackPointExtension>
</extensions>
</trkpt>
<trkpt lat="46.2993812" lon="13.7403434">
<ele>1678.90</ele>
<time>2026-07-25T09:14:50.111Z</time>
<extensions>
<gpxtpx:TrackPointExtension>
<gpxtpx:hr>114</gpxtpx:hr>
</gpxtpx:TrackPointExtension>
</extensions>
</trkpt>
<trkpt lat="46.2994892" lon="13.7405596">
<ele>1676.86</ele>
<time>2026-07-25T09:15:02.167Z</time>
<extensions>
<gpxtpx:TrackPointExtension>
<gpxtpx:hr>116</gpxtpx:hr>
</gpxtpx:TrackPointExtension>
</extensions>
</trkpt>
<trkpt lat="46.2995935" lon="13.7407765">
<ele>1674.40</ele>
<time>2026-07-25T09:15:13.350Z</time>
<extensions>
<gpxtpx:TrackPointExtension>
<gpxtpx:hr>115</gpxtpx:hr>
</gpxtpx:TrackPointExtension>
</extensions>
</trkpt>
<trkpt lat="46.2997208" lon="13.7409621">
<ele>1672.43</ele>
<time>2026-07-25T09:15:25.890Z</time>
<extensions>
<gpxtpx:TrackPointExtension>
<gpxtpx:hr>117</gpxtpx:hr>
</gpxtpx:TrackPointExtension>
</extensions>
</trkpt>
<trkpt lat="46.3000738" lon="13.7414283">
<ele>1661.98</ele>
<time>2026-07-25T09:16:09.011Z</time>
<extensions>
<gpxtpx:TrackPointExtension>
<gpxtpx:hr>101</gpxtpx:hr>
</gpxtpx:TrackPointExtension>
</extensions>
</trkpt>
<trkpt lat="46.3001694" lon="13.7416515">
<ele>1654.14</ele>
<time>2026-07-25T09:16:33.891Z</time>
<extensions>
<gpxtpx:TrackPointExtension>
<gpxtpx:hr>105</gpxtpx:hr>
</gpxtpx:TrackPointExtension>
</extensions>
</trkpt>
<trkpt lat="46.3002537" lon="13.7419059">
<ele>1651.70</ele>
<time>2026-07-25T09:16:47.131Z</time>
<extensions>
<gpxtpx:TrackPointExtension>
<gpxtpx:hr>102</gpxtpx:hr>
</gpxtpx:TrackPointExtension>
</extensions>
</trkpt>
<trkpt lat="46.3002794" lon="13.7421692">
<ele>1648.04</ele>
<time>2026-07-25T09:16:58.329Z</time>
<extensions>
<gpxtpx:TrackPointExtension>
<gpxtpx:hr>101</gpxtpx:hr>
</gpxtpx:TrackPointExtension>
</extensions>
</trkpt>
<trkpt lat="46.3004002" lon="13.7423679">
<ele>1645.03</ele>
<time>2026-07-25T09:17:13.989Z</time>
<extensions>
<gpxtpx:TrackPointExtension>
<gpxtpx:hr>100</gpxtpx:hr>
</gpxtpx:TrackPointExtension>
</extensions>
</trkpt>
<trkpt lat="46.3005405" lon="13.7425419">
<ele>1641.82</ele>
<time>2026-07-25T09:17:30.187Z</time>
<extensions>
<gpxtpx:TrackPointExtension>
<gpxtpx:hr>99</gpxtpx:hr>
</gpxtpx:TrackPointExtension>
</extensions>
</trkpt>
<trkpt lat="46.3006961" lon="13.7426923">
<ele>1640.50</ele>
<time>2026-07-25T09:17:46.108Z</time>
<extensions>
<gpxtpx:TrackPointExtension>
<gpxtpx:hr>92</gpxtpx:hr>
</gpxtpx:TrackPointExtension>
</extensions>
</trkpt>
<trkpt lat="46.3008447" lon="13.7428540">
<ele>1639.23</ele>
<time>2026-07-25T09:18:02.210Z</time>
<extensions>
<gpxtpx:TrackPointExtension>
<gpxtpx:hr>97</gpxtpx:hr>
</gpxtpx:TrackPointExtension>
</extensions>
</trkpt>
<trkpt lat="46.3009696" lon="13.7430504">
<ele>1637.17</ele>
<time>2026-07-25T09:18:19.072Z</time>
<extensions>
<gpxtpx:TrackPointExtension>
<gpxtpx:hr>95</gpxtpx:hr>
</gpxtpx:TrackPointExtension>
</extensions>
</trkpt>
<trkpt lat="46.3010958" lon="13.7432380">
<ele>1634.60</ele>
<time>2026-07-25T09:18:37.810Z</time>
<extensions>
<gpxtpx:TrackPointExtension>
<gpxtpx:hr>91</gpxtpx:hr>
</gpxtpx:TrackPointExtension>
</extensions>
</trkpt>
<trkpt lat="46.3012634" lon="13.7433632">
<ele>1631.72</ele>
<time>2026-07-25T09:18:52.751Z</time>
<extensions>
<gpxtpx:TrackPointExtension>
<gpxtpx:hr>99</gpxtpx:hr>
</gpxtpx:TrackPointExtension>
</extensions>
</trkpt>
<trkpt lat="46.3014469" lon="13.7433386">
<ele>1629.63</ele>
<time>2026-07-25T09:19:08.668Z</time>
<extensions>
<gpxtpx:TrackPointExtension>
<gpxtpx:hr>114</gpxtpx:hr>
</gpxtpx:TrackPointExtension>
</extensions>
</trkpt>
<trkpt lat="46.3016109" lon="13.7434728">
<ele>1627.74</ele>
<time>2026-07-25T09:19:27.708Z</time>
<extensions>
<gpxtpx:TrackPointExtension>
<gpxtpx:hr>103</gpxtpx:hr>
</gpxtpx:TrackPointExtension>
</extensions>
</trkpt>
<trkpt lat="46.3017936" lon="13.7435201">
<ele>1629.47</ele>
<time>2026-07-25T09:19:33.010Z</time>
<extensions>
<gpxtpx:TrackPointExtension>
<gpxtpx:hr>104</gpxtpx:hr>
</gpxtpx:TrackPointExtension>
</extensions>
</trkpt>
<trkpt lat="46.3019230" lon="13.7437098">
<ele>1631.29</ele>
<time>2026-07-25T09:19:59.119Z</time>
<extensions>
<gpxtpx:TrackPointExtension>
<gpxtpx:hr>111</gpxtpx:hr>
</gpxtpx:TrackPointExtension>
</extensions>
</trkpt>
<trkpt lat="46.3021023" lon="13.7437768">
<ele>1633.64</ele>
<time>2026-07-25T09:24:01.180Z</time>
<extensions>
<gpxtpx:TrackPointExtension>
<gpxtpx:hr>113</gpxtpx:hr>
</gpxtpx:TrackPointExtension>
</extensions>
</trkpt>
<trkpt lat="46.3022799" lon="13.7438348">
<ele>1635.68</ele>
<time>2026-07-25T09:24:21.729Z</time>
<extensions>
<gpxtpx:TrackPointExtension>
<gpxtpx:hr>116</gpxtpx:hr>
</gpxtpx:TrackPointExtension>
</extensions>
</trkpt>
<trkpt lat="46.3023875" lon="13.7436199">
<ele>1639.07</ele>
<time>2026-07-25T09:24:41.689Z</time>
<extensions>
<gpxtpx:TrackPointExtension>
<gpxtpx:hr>128</gpxtpx:hr>
</gpxtpx:TrackPointExtension>
</extensions>
</trkpt>
<trkpt lat="46.3025358" lon="13.7434464">
<ele>1643.41</ele>
<time>2026-07-25T09:25:00.135Z</time>
<extensions>
<gpxtpx:TrackPointExtension>
<gpxtpx:hr>130</gpxtpx:hr>
</gpxtpx:TrackPointExtension>
</extensions>
</trkpt>
<trkpt lat="46.3026818" lon="13.7432881">
<ele>1647.29</ele>
<time>2026-07-25T09:25:24.069Z</time>
<extensions>
<gpxtpx:TrackPointExtension>
<gpxtpx:hr>135</gpxtpx:hr>
</gpxtpx:TrackPointExtension>
</extensions>
</trkpt>
<trkpt lat="46.3028247" lon="13.7431025">
<ele>1651.50</ele>
<time>2026-07-25T09:25:47.108Z</time>
<extensions>
<gpxtpx:TrackPointExtension>
<gpxtpx:hr>137</gpxtpx:hr>
</gpxtpx:TrackPointExtension>
</extensions>
</trkpt>
<trkpt lat="46.3030065" lon="13.7430742">
<ele>1654.77</ele>
<time>2026-07-25T09:26:06.811Z</time>
<extensions>
<gpxtpx:TrackPointExtension>
<gpxtpx:hr>138</gpxtpx:hr>
</gpxtpx:TrackPointExtension>
</extensions>
</trkpt>
<trkpt lat="46.3031881" lon="13.7430358">
<ele>1658.18</ele>
<time>2026-07-25T09:26:21.651Z</time>
<extensions>
<gpxtpx:TrackPointExtension>
<gpxtpx:hr>134</gpxtpx:hr>
</gpxtpx:TrackPointExtension>
</extensions>
</trkpt>
<trkpt lat="46.3033623" lon="13.7429455">
<ele>1662.87</ele>
<time>2026-07-25T09:26:43.029Z</time>
<extensions>
<gpxtpx:TrackPointExtension>
<gpxtpx:hr>135</gpxtpx:hr>
</gpxtpx:TrackPointExtension>
</extensions>
</trkpt>
<trkpt lat="46.3034867" lon="13.7427537">
<ele>1669.84</ele>
<time>2026-07-25T09:27:10.651Z</time>
<extensions>
<gpxtpx:TrackPointExtension>
<gpxtpx:hr>135</gpxtpx:hr>
</gpxtpx:TrackPointExtension>
</extensions>
</trkpt>
<trkpt lat="46.3036295" lon="13.7425793">
<ele>1676.44</ele>
<time>2026-07-25T09:27:43.151Z</time>
<extensions>
<gpxtpx:TrackPointExtension>
<gpxtpx:hr>146</gpxtpx:hr>
</gpxtpx:TrackPointExtension>
</extensions>
</trkpt>
<trkpt lat="46.3037942" lon="13.7424727">
<ele>1682.90</ele>
<time>2026-07-25T09:28:07.151Z</time>
<extensions>
<gpxtpx:TrackPointExtension>
<gpxtpx:hr>148</gpxtpx:hr>
</gpxtpx:TrackPointExtension>
</extensions>
</trkpt>
<trkpt lat="46.3039516" lon="13.7423464">
<ele>1689.99</ele>
<time>2026-07-25T09:28:37.670Z</time>
<extensions>
<gpxtpx:TrackPointExtension>
<gpxtpx:hr>149</gpxtpx:hr>
</gpxtpx:TrackPointExtension>
</extensions>
</trkpt>
<trkpt lat="46.3041374" lon="13.7423556">
<ele>1695.95</ele>
<time>2026-07-25T09:29:08.651Z</time>
<extensions>
<gpxtpx:TrackPointExtension>
<gpxtpx:hr>144</gpxtpx:hr>
</gpxtpx:TrackPointExtension>
</extensions>
</trkpt>
<trkpt lat="46.3042995" lon="13.7422424">
<ele>1702.65</ele>
<time>2026-07-25T09:29:29.869Z</time>
<extensions>
<gpxtpx:TrackPointExtension>
<gpxtpx:hr>143</gpxtpx:hr>
</gpxtpx:TrackPointExtension>
</extensions>
</trkpt>
<trkpt lat="46.3044407" lon="13.7420772">
<ele>1708.44</ele>
<time>2026-07-25T09:29:56.087Z</time>
<extensions>
<gpxtpx:TrackPointExtension>
<gpxtpx:hr>142</gpxtpx:hr>
</gpxtpx:TrackPointExtension>
</extensions>
</trkpt>
<trkpt lat="46.3046189" lon="13.7420025">
<ele>1713.85</ele>
<time>2026-07-25T09:30:19.152Z</time>
<extensions>
<gpxtpx:TrackPointExtension>
<gpxtpx:hr>147</gpxtpx:hr>
</gpxtpx:TrackPointExtension>
</extensions>
</trkpt>
<trkpt lat="46.3047731" lon="13.7418612">
<ele>1718.18</ele>
<time>2026-07-25T09:30:41.451Z</time>
<extensions>
<gpxtpx:TrackPointExtension>
<gpxtpx:hr>149</gpxtpx:hr>
</gpxtpx:TrackPointExtension>
</extensions>
</trkpt>
<trkpt lat="46.3049479" lon="13.7417897">
<ele>1722.25</ele>
<time>2026-07-25T09:31:06.648Z</time>
<extensions>
<gpxtpx:TrackPointExtension>
<gpxtpx:hr>148</gpxtpx:hr>
</gpxtpx:TrackPointExtension>
</extensions>
</trkpt>
<trkpt lat="46.3050845" lon="13.7416122">
<ele>1726.76</ele>
<time>2026-07-25T09:31:28.088Z</time>
<extensions>
<gpxtpx:TrackPointExtension>
<gpxtpx:hr>149</gpxtpx:hr>
</gpxtpx:TrackPointExtension>
</extensions>
</trkpt>
<trkpt lat="46.3052495" lon="13.7414992">
<ele>1734.47</ele>
<time>2026-07-25T09:31:58.607Z</time>
<extensions>
<gpxtpx:TrackPointExtension>
<gpxtpx:hr>142</gpxtpx:hr>
</gpxtpx:TrackPointExtension>
</extensions>
</trkpt>
<trkpt lat="46.3054289" lon="13.7415274">
<ele>1741.33</ele>
<time>2026-07-25T09:32:34.731Z</time>
<extensions>
<gpxtpx:TrackPointExtension>
<gpxtpx:hr>145</gpxtpx:hr>
</gpxtpx:TrackPointExtension>
</extensions>
</trkpt>
<trkpt lat="46.3056091" lon="13.7414566">
<ele>1749.63</ele>
<time>2026-07-25T09:33:25.791Z</time>
<extensions>
<gpxtpx:TrackPointExtension>
<gpxtpx:hr>144</gpxtpx:hr>
</gpxtpx:TrackPointExtension>
</extensions>
</trkpt>
<trkpt lat="46.3057857" lon="13.7414006">
<ele>1757.81</ele>
<time>2026-07-25T09:34:00.532Z</time>
<extensions>
<gpxtpx:TrackPointExtension>
<gpxtpx:hr>142</gpxtpx:hr>
</gpxtpx:TrackPointExtension>
</extensions>
</trkpt>
<trkpt lat="46.3059653" lon="13.7413510">
<ele>1767.67</ele>
<time>2026-07-25T09:34:38.049Z</time>
<extensions>
<gpxtpx:TrackPointExtension>
<gpxtpx:hr>145</gpxtpx:hr>
</gpxtpx:TrackPointExtension>
</extensions>
</trkpt>
<trkpt lat="46.3061242" lon="13.7412230">
<ele>1778.11</ele>
<time>2026-07-25T09:35:28.128Z</time>
<extensions>
<gpxtpx:TrackPointExtension>
<gpxtpx:hr>150</gpxtpx:hr>
</gpxtpx:TrackPointExtension>
</extensions>
</trkpt>
<trkpt lat="46.3062690" lon="13.7410618">
<ele>1788.04</ele>
<time>2026-07-25T09:36:16.587Z</time>
<extensions>
<gpxtpx:TrackPointExtension>
<gpxtpx:hr>149</gpxtpx:hr>
</gpxtpx:TrackPointExtension>
</extensions>
</trkpt>
<trkpt lat="46.3064195" lon="13.7409135">
<ele>1797.73</ele>
<time>2026-07-25T09:36:52.908Z</time>
<extensions>
<gpxtpx:TrackPointExtension>
<gpxtpx:hr>148</gpxtpx:hr>
</gpxtpx:TrackPointExtension>
</extensions>
</trkpt>
<trkpt lat="46.3066113" lon="13.7408784">
<ele>1807.72</ele>
<time>2026-07-25T09:38:19.196Z</time>
<extensions>
<gpxtpx:TrackPointExtension>
<gpxtpx:hr>147</gpxtpx:hr>
</gpxtpx:TrackPointExtension>
</extensions>
</trkpt>
<trkpt lat="46.3067905" lon="13.7408355">
<ele>1814.84</ele>
<time>2026-07-25T09:38:57.207Z</time>
<extensions>
<gpxtpx:TrackPointExtension>
<gpxtpx:hr>136</gpxtpx:hr>
</gpxtpx:TrackPointExtension>
</extensions>
</trkpt>
<trkpt lat="46.3069309" lon="13.7410005">
<ele>1817.17</ele>
<time>2026-07-25T09:39:31.134Z</time>
<extensions>
<gpxtpx:TrackPointExtension>
<gpxtpx:hr>134</gpxtpx:hr>
</gpxtpx:TrackPointExtension>
</extensions>
</trkpt>
<trkpt lat="46.3070981" lon="13.7411008">
<ele>1821.08</ele>
<time>2026-07-25T09:40:36.651Z</time>
<extensions>
<gpxtpx:TrackPointExtension>
<gpxtpx:hr>110</gpxtpx:hr>
</gpxtpx:TrackPointExtension>
</extensions>
</trkpt>
<trkpt lat="46.3072415" lon="13.7412655">
<ele>1823.39</ele>
<time>2026-07-25T09:41:08.127Z</time>
<extensions>
<gpxtpx:TrackPointExtension>
<gpxtpx:hr>120</gpxtpx:hr>
</gpxtpx:TrackPointExtension>
</extensions>
</trkpt>
<trkpt lat="46.3073927" lon="13.7414123">
<ele>1826.10</ele>
<time>2026-07-25T09:41:59.144Z</time>
<extensions>
<gpxtpx:TrackPointExtension>
<gpxtpx:hr>121</gpxtpx:hr>
</gpxtpx:TrackPointExtension>
</extensions>
</trkpt>
<trkpt lat="46.3075099" lon="13.7416166">
<ele>1826.98</ele>
<time>2026-07-25T09:42:32.830Z</time>
<extensions>
<gpxtpx:TrackPointExtension>
<gpxtpx:hr>120</gpxtpx:hr>
</gpxtpx:TrackPointExtension>
</extensions>
</trkpt>
<trkpt lat="46.3076074" lon="13.7418448">
<ele>1828.57</ele>
<time>2026-07-25T09:42:54.648Z</time>
<extensions>
<gpxtpx:TrackPointExtension>
<gpxtpx:hr>129</gpxtpx:hr>
</gpxtpx:TrackPointExtension>
</extensions>
</trkpt>
<trkpt lat="46.3077421" lon="13.7420193">
<ele>1831.91</ele>
<time>2026-07-25T09:43:21.391Z</time>
<extensions>
<gpxtpx:TrackPointExtension>
<gpxtpx:hr>130</gpxtpx:hr>
</gpxtpx:TrackPointExtension>
</extensions>
</trkpt>
<trkpt lat="46.3077901" lon="13.7422754">
<ele>1831.97</ele>
<time>2026-07-25T09:43:53.849Z</time>
<extensions>
<gpxtpx:TrackPointExtension>
<gpxtpx:hr>128</gpxtpx:hr>
</gpxtpx:TrackPointExtension>
</extensions>
</trkpt>
<trkpt lat="46.3079133" lon="13.7424708">
<ele>1834.57</ele>
<time>2026-07-25T09:44:24.068Z</time>
<extensions>
<gpxtpx:TrackPointExtension>
<gpxtpx:hr>140</gpxtpx:hr>
</gpxtpx:TrackPointExtension>
</extensions>
</trkpt>
<trkpt lat="46.3080950" lon="13.7426117">
<ele>1840.46</ele>
<time>2026-07-25T09:45:19.087Z</time>
<extensions>
<gpxtpx:TrackPointExtension>
<gpxtpx:hr>141</gpxtpx:hr>
</gpxtpx:TrackPointExtension>
</extensions>
</trkpt>
<trkpt lat="46.3082745" lon="13.7426322">
<ele>1846.37</ele>
<time>2026-07-25T09:45:44.932Z</time>
<extensions>
<gpxtpx:TrackPointExtension>
<gpxtpx:hr>132</gpxtpx:hr>
</gpxtpx:TrackPointExtension>
</extensions>
</trkpt>
<trkpt lat="46.3084561" lon="13.7426073">
<ele>1852.33</ele>
<time>2026-07-25T09:46:05.472Z</time>
<extensions>
<gpxtpx:TrackPointExtension>
<gpxtpx:hr>131</gpxtpx:hr>
</gpxtpx:TrackPointExtension>
</extensions>
</trkpt>
<trkpt lat="46.3086360" lon="13.7426366">
<ele>1859.24</ele>
<time>2026-07-25T09:46:28.351Z</time>
<extensions>
<gpxtpx:TrackPointExtension>
<gpxtpx:hr>136</gpxtpx:hr>
</gpxtpx:TrackPointExtension>
</extensions>
</trkpt>
<trkpt lat="46.3088036" lon="13.7425313">
<ele>1862.50</ele>
<time>2026-07-25T09:46:58.168Z</time>
<extensions>
<gpxtpx:TrackPointExtension>
<gpxtpx:hr>142</gpxtpx:hr>
</gpxtpx:TrackPointExtension>
</extensions>
</trkpt>
<trkpt lat="46.3089571" lon="13.7423928">
<ele>1866.27</ele>
<time>2026-07-25T09:47:24.488Z</time>
<extensions>
<gpxtpx:TrackPointExtension>
<gpxtpx:hr>144</gpxtpx:hr>
</gpxtpx:TrackPointExtension>
</extensions>
</trkpt>
<trkpt lat="46.3091227" lon="13.7424995">
<ele>1871.63</ele>
<time>2026-07-25T09:47:50.184Z</time>
<extensions>
<gpxtpx:TrackPointExtension>
<gpxtpx:hr>141</gpxtpx:hr>
</gpxtpx:TrackPointExtension>
</extensions>
</trkpt>
<trkpt lat="46.3089977" lon="13.7426968">
<ele>1874.32</ele>
<time>2026-07-25T09:48:11.031Z</time>
<extensions>
<gpxtpx:TrackPointExtension>
<gpxtpx:hr>143</gpxtpx:hr>
</gpxtpx:TrackPointExtension>
</extensions>
</trkpt>
<trkpt lat="46.3088974" lon="13.7429207">
<ele>1877.18</ele>
<time>2026-07-25T09:48:29.167Z</time>
<extensions>
<gpxtpx:TrackPointExtension>
<gpxtpx:hr>145</gpxtpx:hr>
</gpxtpx:TrackPointExtension>
</extensions>
</trkpt>
<trkpt lat="46.3089252" lon="13.7431811">
<ele>1886.52</ele>
<time>2026-07-25T09:48:50.487Z</time>
<extensions>
<gpxtpx:TrackPointExtension>
<gpxtpx:hr>137</gpxtpx:hr>
</gpxtpx:TrackPointExtension>
</extensions>
</trkpt>
<trkpt lat="46.3088976" lon="13.7434399">
<ele>1890.48</ele>
<time>2026-07-25T09:49:10.589Z</time>
<extensions>
<gpxtpx:TrackPointExtension>
<gpxtpx:hr>131</gpxtpx:hr>
</gpxtpx:TrackPointExtension>
</extensions>
</trkpt>
<trkpt lat="46.3088801" lon="13.7437021">
<ele>1891.67</ele>
<time>2026-07-25T09:49:59.171Z</time>
<extensions>
<gpxtpx:TrackPointExtension>
<gpxtpx:hr>127</gpxtpx:hr>
</gpxtpx:TrackPointExtension>
</extensions>
</trkpt>
<trkpt lat="46.3090417" lon="13.7435864">
<ele>1901.02</ele>
<time>2026-07-25T09:51:25.195Z</time>
<extensions>
<gpxtpx:TrackPointExtension>
<gpxtpx:hr>134</gpxtpx:hr>
</gpxtpx:TrackPointExtension>
</extensions>
</trkpt>
<trkpt lat="46.3091493" lon="13.7437982">
<ele>1910.42</ele>
<time>2026-07-25T09:51:59.968Z</time>
<extensions>
<gpxtpx:TrackPointExtension>
<gpxtpx:hr>132</gpxtpx:hr>
</gpxtpx:TrackPointExtension>
</extensions>
</trkpt>
<trkpt lat="46.3092306" lon="13.7440373">
<ele>1916.94</ele>
<time>2026-07-25T09:53:05.990Z</time>
<extensions>
<gpxtpx:TrackPointExtension>
<gpxtpx:hr>139</gpxtpx:hr>
</gpxtpx:TrackPointExtension>
</extensions>
</trkpt>
<trkpt lat="46.3093323" lon="13.7442578">
<ele>1922.85</ele>
<time>2026-07-25T09:54:17.471Z</time>
<extensions>
<gpxtpx:TrackPointExtension>
<gpxtpx:hr>132</gpxtpx:hr>
</gpxtpx:TrackPointExtension>
</extensions>
</trkpt>
<trkpt lat="46.3095104" lon="13.7442137">
<ele>1929.61</ele>
<time>2026-07-25T09:55:05.630Z</time>
<extensions>
<gpxtpx:TrackPointExtension>
<gpxtpx:hr>119</gpxtpx:hr>
</gpxtpx:TrackPointExtension>
</extensions>
</trkpt>
<trkpt lat="46.3095402" lon="13.7439462">
<ele>1927.79</ele>
<time>2026-07-25T09:55:41.156Z</time>
<extensions>
<gpxtpx:TrackPointExtension>
<gpxtpx:hr>123</gpxtpx:hr>
</gpxtpx:TrackPointExtension>
</extensions>
</trkpt>
<trkpt lat="46.3096234" lon="13.7437071">
<ele>1927.67</ele>
<time>2026-07-25T09:56:07.215Z</time>
<extensions>
<gpxtpx:TrackPointExtension>
<gpxtpx:hr>128</gpxtpx:hr>
</gpxtpx:TrackPointExtension>
</extensions>
</trkpt>
<trkpt lat="46.3097979" lon="13.7436423">
<ele>1933.27</ele>
<time>2026-07-25T09:56:54.589Z</time>
<extensions>
<gpxtpx:TrackPointExtension>
<gpxtpx:hr>120</gpxtpx:hr>
</gpxtpx:TrackPointExtension>
</extensions>
</trkpt>
<trkpt lat="46.3099104" lon="13.7438469">
<ele>1940.59</ele>
<time>2026-07-25T09:58:12.189Z</time>
<extensions>
<gpxtpx:TrackPointExtension>
<gpxtpx:hr>131</gpxtpx:hr>
</gpxtpx:TrackPointExtension>
</extensions>
</trkpt>
<trkpt lat="46.3100727" lon="13.7442561">
<ele>1950.88</ele>
<time>2026-07-25T09:59:47.190Z</time>
<extensions>
<gpxtpx:TrackPointExtension>
<gpxtpx:hr>110</gpxtpx:hr>
</gpxtpx:TrackPointExtension>
</extensions>
</trkpt>
<trkpt lat="46.3100406" lon="13.7445203">
<ele>1947.37</ele>
<time>2026-07-25T10:00:16.569Z</time>
<extensions>
<gpxtpx:TrackPointExtension>
<gpxtpx:hr>111</gpxtpx:hr>
</gpxtpx:TrackPointExtension>
</extensions>
</trkpt>
<trkpt lat="46.3101342" lon="13.7447429">
<ele>1948.26</ele>
<time>2026-07-25T10:00:59.129Z</time>
<extensions>
<gpxtpx:TrackPointExtension>
<gpxtpx:hr>114</gpxtpx:hr>
</gpxtpx:TrackPointExtension>
</extensions>
</trkpt>
<trkpt lat="46.3103044" lon="13.7448419">
<ele>1952.28</ele>
<time>2026-07-25T10:01:43.198Z</time>
<extensions>
<gpxtpx:TrackPointExtension>
<gpxtpx:hr>119</gpxtpx:hr>
</gpxtpx:TrackPointExtension>
</extensions>
</trkpt>
<trkpt lat="46.3104845" lon="13.7448427">
<ele>1957.57</ele>
<time>2026-07-25T10:02:21.128Z</time>
<extensions>
<gpxtpx:TrackPointExtension>
<gpxtpx:hr>126</gpxtpx:hr>
</gpxtpx:TrackPointExtension>
</extensions>
</trkpt>
<trkpt lat="46.3106115" lon="13.7446564">
<ele>1964.18</ele>
<time>2026-07-25T10:03:18.910Z</time>
<extensions>
<gpxtpx:TrackPointExtension>
<gpxtpx:hr>124</gpxtpx:hr>
</gpxtpx:TrackPointExtension>
</extensions>
</trkpt>
<trkpt lat="46.3107889" lon="13.7445973">
<ele>1970.82</ele>
<time>2026-07-25T10:03:59.829Z</time>
<extensions>
<gpxtpx:TrackPointExtension>
<gpxtpx:hr>126</gpxtpx:hr>
</gpxtpx:TrackPointExtension>
</extensions>
</trkpt>
<trkpt lat="46.3109672" lon="13.7445514">
<ele>1972.49</ele>
<time>2026-07-25T10:04:49.768Z</time>
<extensions>
<gpxtpx:TrackPointExtension>
<gpxtpx:hr>130</gpxtpx:hr>
</gpxtpx:TrackPointExtension>
</extensions>
</trkpt>
<trkpt lat="46.3110798" lon="13.7443391">
<ele>1972.66</ele>
<time>2026-07-25T10:05:24.143Z</time>
<extensions>
<gpxtpx:TrackPointExtension>
<gpxtpx:hr>119</gpxtpx:hr>
</gpxtpx:TrackPointExtension>
</extensions>
</trkpt>
<trkpt lat="46.3109466" lon="13.7441638">
<ele>1976.81</ele>
<time>2026-07-25T10:06:16.159Z</time>
<extensions>
<gpxtpx:TrackPointExtension>
<gpxtpx:hr>141</gpxtpx:hr>
</gpxtpx:TrackPointExtension>
</extensions>
</trkpt>
<trkpt lat="46.3108065" lon="13.7439951">
<ele>1975.13</ele>
<time>2026-07-25T10:07:27.649Z</time>
<extensions>
<gpxtpx:TrackPointExtension>
<gpxtpx:hr>149</gpxtpx:hr>
</gpxtpx:TrackPointExtension>
</extensions>
</trkpt>
<trkpt lat="46.3109319" lon="13.7441854">
<ele>1977.05</ele>
<time>2026-07-25T10:09:57.049Z</time>
<extensions>
<gpxtpx:TrackPointExtension>
<gpxtpx:hr>105</gpxtpx:hr>
</gpxtpx:TrackPointExtension>
</extensions>
</trkpt>
<trkpt lat="46.3111417" lon="13.7443300">
<ele>1971.60</ele>
<time>2026-07-25T10:11:50.089Z</time>
<extensions>
<gpxtpx:TrackPointExtension>
<gpxtpx:hr>102</gpxtpx:hr>
</gpxtpx:TrackPointExtension>
</extensions>
</trkpt>
<trkpt lat="46.3111587" lon="13.7445907">
<ele>1971.73</ele>
<time>2026-07-25T10:13:04.145Z</time>
<extensions>
<gpxtpx:TrackPointExtension>
<gpxtpx:hr>105</gpxtpx:hr>
</gpxtpx:TrackPointExtension>
</extensions>
</trkpt>
<trkpt lat="46.3111531" lon="13.7448517">
<ele>1972.09</ele>
<time>2026-07-25T10:13:49.171Z</time>
<extensions>
<gpxtpx:TrackPointExtension>
<gpxtpx:hr>110</gpxtpx:hr>
</gpxtpx:TrackPointExtension>
</extensions>
</trkpt>
<trkpt lat="46.3111978" lon="13.7451069">
<ele>1973.15</ele>
<time>2026-07-25T10:14:21.909Z</time>
<extensions>
<gpxtpx:TrackPointExtension>
<gpxtpx:hr>117</gpxtpx:hr>
</gpxtpx:TrackPointExtension>
</extensions>
</trkpt>
<trkpt lat="46.3111832" lon="13.7453666">
<ele>1972.40</ele>
<time>2026-07-25T10:14:53.202Z</time>
<extensions>
<gpxtpx:TrackPointExtension>
<gpxtpx:hr>124</gpxtpx:hr>
</gpxtpx:TrackPointExtension>
</extensions>
</trkpt>
<trkpt lat="46.3112102" lon="13.7456252">
<ele>1972.70</ele>
<time>2026-07-25T10:16:22.170Z</time>
<extensions>
<gpxtpx:TrackPointExtension>
<gpxtpx:hr>102</gpxtpx:hr>
</gpxtpx:TrackPointExtension>
</extensions>
</trkpt>
<trkpt lat="46.3113243" lon="13.7458301">
<ele>1975.55</ele>
<time>2026-07-25T10:17:40.849Z</time>
<extensions>
<gpxtpx:TrackPointExtension>
<gpxtpx:hr>100</gpxtpx:hr>
</gpxtpx:TrackPointExtension>
</extensions>
</trkpt>
<trkpt lat="46.3114542" lon="13.7460113">
<ele>1977.28</ele>
<time>2026-07-25T10:18:48.210Z</time>
<extensions>
<gpxtpx:TrackPointExtension>
<gpxtpx:hr>100</gpxtpx:hr>
</gpxtpx:TrackPointExtension>
</extensions>
</trkpt>
<trkpt lat="46.3114576" lon="13.7458907">
<ele>1978.63</ele>
<time>2026-07-25T10:19:43.931Z</time>
<extensions>
<gpxtpx:TrackPointExtension>
<gpxtpx:hr>105</gpxtpx:hr>
</gpxtpx:TrackPointExtension>
</extensions>
</trkpt>
<trkpt lat="46.3114672" lon="13.7456302">
<ele>1979.48</ele>
<time>2026-07-25T10:20:50.711Z</time>
<extensions>
<gpxtpx:TrackPointExtension>
<gpxtpx:hr>102</gpxtpx:hr>
</gpxtpx:TrackPointExtension>
</extensions>
</trkpt>
<trkpt lat="46.3116465" lon="13.7456745">
<ele>1984.27</ele>
<time>2026-07-25T10:21:43.027Z</time>
<extensions>
<gpxtpx:TrackPointExtension>
<gpxtpx:hr>114</gpxtpx:hr>
</gpxtpx:TrackPointExtension>
</extensions>
</trkpt>
<trkpt lat="46.3117462" lon="13.7454484">
<ele>1982.16</ele>
<time>2026-07-25T10:22:57.188Z</time>
<extensions>
<gpxtpx:TrackPointExtension>
<gpxtpx:hr>124</gpxtpx:hr>
</gpxtpx:TrackPointExtension>
</extensions>
</trkpt>
<trkpt lat="46.3117274" lon="13.7451811">
<ele>1982.05</ele>
<time>2026-07-25T10:23:44.329Z</time>
<extensions>
<gpxtpx:TrackPointExtension>
<gpxtpx:hr>116</gpxtpx:hr>
</gpxtpx:TrackPointExtension>
</extensions>
</trkpt>
<trkpt lat="46.3119056" lon="13.7452191">
<ele>1975.93</ele>
<time>2026-07-25T10:24:38.629Z</time>
<extensions>
<gpxtpx:TrackPointExtension>
<gpxtpx:hr>107</gpxtpx:hr>
</gpxtpx:TrackPointExtension>
</extensions>
</trkpt>
<trkpt lat="46.3120591" lon="13.7453605">
<ele>1971.95</ele>
<time>2026-07-25T10:25:20.749Z</time>
<extensions>
<gpxtpx:TrackPointExtension>
<gpxtpx:hr>105</gpxtpx:hr>
</gpxtpx:TrackPointExtension>
</extensions>
</trkpt>
<trkpt lat="46.3122381" lon="13.7453295">
<ele>1965.83</ele>
<time>2026-07-25T10:29:03.193Z</time>
<extensions>
<gpxtpx:TrackPointExtension>
<gpxtpx:hr>104</gpxtpx:hr>
</gpxtpx:TrackPointExtension>
</extensions>
</trkpt>
<trkpt lat="46.3122700" lon="13.7455900">
<ele>1968.50</ele>
<time>2026-07-25T10:31:41.091Z</time>
<extensions>
<gpxtpx:TrackPointExtension>
<gpxtpx:hr>116</gpxtpx:hr>
</gpxtpx:TrackPointExtension>
</extensions>
</trkpt>
<trkpt lat="46.3124867" lon="13.7457400">
<ele>1965.52</ele>
<time>2026-07-25T10:36:21.092Z</time>
<extensions>
<gpxtpx:TrackPointExtension>
<gpxtpx:hr>90</gpxtpx:hr>
</gpxtpx:TrackPointExtension>
</extensions>
</trkpt>
<trkpt lat="46.3126150" lon="13.7458567">
<ele>1960.82</ele>
<time>2026-07-25T10:37:45.092Z</time>
<extensions>
<gpxtpx:TrackPointExtension>
<gpxtpx:hr>95</gpxtpx:hr>
</gpxtpx:TrackPointExtension>
</extensions>
</trkpt>
<trkpt lat="46.3127133" lon="13.7461050">
<ele>1951.76</ele>
<time>2026-07-25T10:39:16.092Z</time>
<extensions>
<gpxtpx:TrackPointExtension>
<gpxtpx:hr>104</gpxtpx:hr>
</gpxtpx:TrackPointExtension>
</extensions>
</trkpt>
<trkpt lat="46.3126221" lon="13.7463856">
<ele>1948.96</ele>
<time>2026-07-25T10:43:30.092Z</time>
<extensions>
<gpxtpx:TrackPointExtension>
<gpxtpx:hr>102</gpxtpx:hr>
</gpxtpx:TrackPointExtension>
</extensions>
</trkpt>
<trkpt lat="46.3128283" lon="13.7464567">
<ele>1943.37</ele>
<time>2026-07-25T10:48:05.093Z</time>
<extensions>
<gpxtpx:TrackPointExtension>
<gpxtpx:hr>102</gpxtpx:hr>
</gpxtpx:TrackPointExtension>
</extensions>
</trkpt>
<trkpt lat="46.3129833" lon="13.7462964">
<ele>1941.08</ele>
<time>2026-07-25T10:48:55.239Z</time>
<extensions>
<gpxtpx:TrackPointExtension>
<gpxtpx:hr>99</gpxtpx:hr>
</gpxtpx:TrackPointExtension>
</extensions>
</trkpt>
<trkpt lat="46.3131685" lon="13.7463240">
<ele>1936.15</ele>
<time>2026-07-25T10:48:56.245Z</time>
<extensions>
<gpxtpx:TrackPointExtension>
<gpxtpx:hr>100</gpxtpx:hr>
</gpxtpx:TrackPointExtension>
</extensions>
</trkpt>
<trkpt lat="46.3133486" lon="13.7463546">
<ele>1932.19</ele>
<time>2026-07-25T10:51:10.851Z</time>
<extensions>
<gpxtpx:TrackPointExtension>
<gpxtpx:hr>112</gpxtpx:hr>
</gpxtpx:TrackPointExtension>
</extensions>
</trkpt>
<trkpt lat="46.3136877" lon="13.7462938">
<ele>1929.77</ele>
<time>2026-07-25T10:52:33.891Z</time>
<extensions>
<gpxtpx:TrackPointExtension>
<gpxtpx:hr>101</gpxtpx:hr>
</gpxtpx:TrackPointExtension>
</extensions>
</trkpt>
<trkpt lat="46.3139916" lon="13.7464177">
<ele>1930.57</ele>
<time>2026-07-25T10:53:32.369Z</time>
<extensions>
<gpxtpx:TrackPointExtension>
<gpxtpx:hr>111</gpxtpx:hr>
</gpxtpx:TrackPointExtension>
</extensions>
</trkpt>
<trkpt lat="46.3141678" lon="13.7464780">
<ele>1931.15</ele>
<time>2026-07-25T10:53:58.179Z</time>
<extensions>
<gpxtpx:TrackPointExtension>
<gpxtpx:hr>108</gpxtpx:hr>
</gpxtpx:TrackPointExtension>
</extensions>
</trkpt>
<trkpt lat="46.3143487" lon="13.7464925">
<ele>1930.85</ele>
<time>2026-07-25T10:54:24.169Z</time>
<extensions>
<gpxtpx:TrackPointExtension>
<gpxtpx:hr>111</gpxtpx:hr>
</gpxtpx:TrackPointExtension>
</extensions>
</trkpt>
<trkpt lat="46.3147987" lon="13.7465200">
<ele>1929.78</ele>
<time>2026-07-25T10:55:20.429Z</time>
<extensions>
<gpxtpx:TrackPointExtension>
<gpxtpx:hr>111</gpxtpx:hr>
</gpxtpx:TrackPointExtension>
</extensions>
</trkpt>
<trkpt lat="46.3149592" lon="13.7466430">
<ele>1930.88</ele>
<time>2026-07-25T10:56:31.213Z</time>
<extensions>
<gpxtpx:TrackPointExtension>
<gpxtpx:hr>113</gpxtpx:hr>
</gpxtpx:TrackPointExtension>
</extensions>
</trkpt>
<trkpt lat="46.3151376" lon="13.7466984">
<ele>1929.61</ele>
<time>2026-07-25T10:57:29.162Z</time>
<extensions>
<gpxtpx:TrackPointExtension>
<gpxtpx:hr>122</gpxtpx:hr>
</gpxtpx:TrackPointExtension>
</extensions>
</trkpt>
<trkpt lat="46.3153242" lon="13.7466891">
<ele>1928.92</ele>
<time>2026-07-25T10:57:58.608Z</time>
<extensions>
<gpxtpx:TrackPointExtension>
<gpxtpx:hr>124</gpxtpx:hr>
</gpxtpx:TrackPointExtension>
</extensions>
</trkpt>
<trkpt lat="46.3155047" lon="13.7466814">
<ele>1928.23</ele>
<time>2026-07-25T10:58:31.410Z</time>
<extensions>
<gpxtpx:TrackPointExtension>
<gpxtpx:hr>124</gpxtpx:hr>
</gpxtpx:TrackPointExtension>
</extensions>
</trkpt>
<trkpt lat="46.3156857" lon="13.7466592">
<ele>1927.67</ele>
<time>2026-07-25T10:59:16.204Z</time>
<extensions>
<gpxtpx:TrackPointExtension>
<gpxtpx:hr>116</gpxtpx:hr>
</gpxtpx:TrackPointExtension>
</extensions>
</trkpt>
<trkpt lat="46.3158432" lon="13.7467939">
<ele>1924.08</ele>
<time>2026-07-25T10:59:48.105Z</time>
<extensions>
<gpxtpx:TrackPointExtension>
<gpxtpx:hr>115</gpxtpx:hr>
</gpxtpx:TrackPointExtension>
</extensions>
</trkpt>
<trkpt lat="46.3161056" lon="13.7467294">
<ele>1929.34</ele>
<time>2026-07-25T11:01:20.111Z</time>
<extensions>
<gpxtpx:TrackPointExtension>
<gpxtpx:hr>111</gpxtpx:hr>
</gpxtpx:TrackPointExtension>
</extensions>
</trkpt>
<trkpt lat="46.3162760" lon="13.7466263">
<ele>1933.07</ele>
<time>2026-07-25T11:01:44.630Z</time>
<extensions>
<gpxtpx:TrackPointExtension>
<gpxtpx:hr>115</gpxtpx:hr>
</gpxtpx:TrackPointExtension>
</extensions>
</trkpt>
<trkpt lat="46.3164378" lon="13.7465099">
<ele>1934.32</ele>
<time>2026-07-25T11:02:10.007Z</time>
<extensions>
<gpxtpx:TrackPointExtension>
<gpxtpx:hr>116</gpxtpx:hr>
</gpxtpx:TrackPointExtension>
</extensions>
</trkpt>
<trkpt lat="46.3165972" lon="13.7466361">
<ele>1937.69</ele>
<time>2026-07-25T11:02:44.807Z</time>
<extensions>
<gpxtpx:TrackPointExtension>
<gpxtpx:hr>120</gpxtpx:hr>
</gpxtpx:TrackPointExtension>
</extensions>
</trkpt>
<trkpt lat="46.3167737" lon="13.7465797">
<ele>1937.72</ele>
<time>2026-07-25T11:04:46.609Z</time>
<extensions>
<gpxtpx:TrackPointExtension>
<gpxtpx:hr>114</gpxtpx:hr>
</gpxtpx:TrackPointExtension>
</extensions>
</trkpt>
<trkpt lat="46.3169161" lon="13.7464206">
<ele>1936.29</ele>
<time>2026-07-25T11:05:21.142Z</time>
<extensions>
<gpxtpx:TrackPointExtension>
<gpxtpx:hr>123</gpxtpx:hr>
</gpxtpx:TrackPointExtension>
</extensions>
</trkpt>
<trkpt lat="46.3170602" lon="13.7462620">
<ele>1935.72</ele>
<time>2026-07-25T11:07:13.127Z</time>
<extensions>
<gpxtpx:TrackPointExtension>
<gpxtpx:hr>101</gpxtpx:hr>
</gpxtpx:TrackPointExtension>
</extensions>
</trkpt>
<trkpt lat="46.3171866" lon="13.7464484">
<ele>1936.27</ele>
<time>2026-07-25T11:08:19.631Z</time>
<extensions>
<gpxtpx:TrackPointExtension>
<gpxtpx:hr>114</gpxtpx:hr>
</gpxtpx:TrackPointExtension>
</extensions>
</trkpt>
<trkpt lat="46.3173709" lon="13.7464582">
<ele>1936.12</ele>
<time>2026-07-25T11:08:45.929Z</time>
<extensions>
<gpxtpx:TrackPointExtension>
<gpxtpx:hr>122</gpxtpx:hr>
</gpxtpx:TrackPointExtension>
</extensions>
</trkpt>
<trkpt lat="46.3175437" lon="13.7463581">
<ele>1936.01</ele>
<time>2026-07-25T11:10:07.831Z</time>
<extensions>
<gpxtpx:TrackPointExtension>
<gpxtpx:hr>103</gpxtpx:hr>
</gpxtpx:TrackPointExtension>
</extensions>
</trkpt>
<trkpt lat="46.3177271" lon="13.7463738">
<ele>1933.92</ele>
<time>2026-07-25T11:11:27.970Z</time>
</trkpt>
<trkpt lat="46.3178998" lon="13.7462872">
<ele>1932.99</ele>
<time>2026-07-25T11:11:52.830Z</time>
</trkpt>
<trkpt lat="46.3180591" lon="13.7461648">
<ele>1933.13</ele>
<time>2026-07-25T11:12:34.168Z</time>
</trkpt>
<trkpt lat="46.3182264" lon="13.7460556">
<ele>1933.63</ele>
<time>2026-07-25T11:12:59.117Z</time>
</trkpt>
<trkpt lat="46.3183921" lon="13.7459474">
<ele>1933.10</ele>
<time>2026-07-25T11:13:19.751Z</time>
</trkpt>
<trkpt lat="46.3185659" lon="13.7458508">
<ele>1929.42</ele>
<time>2026-07-25T11:13:39.509Z</time>
</trkpt>
<trkpt lat="46.3187878" lon="13.7456650">
<ele>1922.45</ele>
<time>2026-07-25T11:13:53.154Z</time>
</trkpt>
<trkpt lat="46.3189620" lon="13.7458060">
<ele>1917.50</ele>
<time>2026-07-25T11:14:14.949Z</time>
</trkpt>
<trkpt lat="46.3190521" lon="13.7456764">
<ele>1915.78</ele>
<time>2026-07-25T11:16:39.629Z</time>
<extensions>
<gpxtpx:TrackPointExtension>
<gpxtpx:hr>91</gpxtpx:hr>
</gpxtpx:TrackPointExtension>
</extensions>
</trkpt>
<trkpt lat="46.3192335" lon="13.7456461">
<ele>1912.33</ele>
<time>2026-07-25T11:19:41.129Z</time>
<extensions>
<gpxtpx:TrackPointExtension>
<gpxtpx:hr>108</gpxtpx:hr>
</gpxtpx:TrackPointExtension>
</extensions>
</trkpt>
<trkpt lat="46.3194068" lon="13.7455630">
<ele>1911.15</ele>
<time>2026-07-25T11:21:11.198Z</time>
<extensions>
<gpxtpx:TrackPointExtension>
<gpxtpx:hr>104</gpxtpx:hr>
</gpxtpx:TrackPointExtension>
</extensions>
</trkpt>
<trkpt lat="46.3195697" lon="13.7454521">
<ele>1910.84</ele>
<time>2026-07-25T11:22:17.829Z</time>
<extensions>
<gpxtpx:TrackPointExtension>
<gpxtpx:hr>110</gpxtpx:hr>
</gpxtpx:TrackPointExtension>
</extensions>
</trkpt>
<trkpt lat="46.3197581" lon="13.7452223">
<ele>1912.75</ele>
<time>2026-07-25T11:22:39.128Z</time>
<extensions>
<gpxtpx:TrackPointExtension>
<gpxtpx:hr>110</gpxtpx:hr>
</gpxtpx:TrackPointExtension>
</extensions>
</trkpt>
<trkpt lat="46.3195480" lon="13.7450841">
<ele>1916.92</ele>
<time>2026-07-25T11:25:00.649Z</time>
<extensions>
<gpxtpx:TrackPointExtension>
<gpxtpx:hr>88</gpxtpx:hr>
</gpxtpx:TrackPointExtension>
</extensions>
</trkpt>
<trkpt lat="46.3193717" lon="13.7450186">
<ele>1919.26</ele>
<time>2026-07-25T11:25:21.133Z</time>
<extensions>
<gpxtpx:TrackPointExtension>
<gpxtpx:hr>88</gpxtpx:hr>
</gpxtpx:TrackPointExtension>
</extensions>
</trkpt>
<trkpt lat="46.3193563" lon="13.7447555">
<ele>1913.27</ele>
<time>2026-07-25T11:25:36.124Z</time>
<extensions>
<gpxtpx:TrackPointExtension>
<gpxtpx:hr>91</gpxtpx:hr>
</gpxtpx:TrackPointExtension>
</extensions>
</trkpt>
<trkpt lat="46.3193731" lon="13.7444833">
<ele>1906.31</ele>
<time>2026-07-25T11:25:42.160Z</time>
<extensions>
<gpxtpx:TrackPointExtension>
<gpxtpx:hr>91</gpxtpx:hr>
</gpxtpx:TrackPointExtension>
</extensions>
</trkpt>
<trkpt lat="46.3195534" lon="13.7444396">
<ele>1906.66</ele>
<time>2026-07-25T11:26:20.193Z</time>
<extensions>
<gpxtpx:TrackPointExtension>
<gpxtpx:hr>94</gpxtpx:hr>
</gpxtpx:TrackPointExtension>
</extensions>
</trkpt>
<trkpt lat="46.3197243" lon="13.7443487">
<ele>1906.60</ele>
<time>2026-07-25T11:27:05.166Z</time>
<extensions>
<gpxtpx:TrackPointExtension>
<gpxtpx:hr>103</gpxtpx:hr>
</gpxtpx:TrackPointExtension>
</extensions>
</trkpt>
<trkpt lat="46.3198964" lon="13.7442574">
<ele>1907.40</ele>
<time>2026-07-25T11:27:40.187Z</time>
<extensions>
<gpxtpx:TrackPointExtension>
<gpxtpx:hr>113</gpxtpx:hr>
</gpxtpx:TrackPointExtension>
</extensions>
</trkpt>
<trkpt lat="46.3200727" lon="13.7441964">
<ele>1910.65</ele>
<time>2026-07-25T11:28:08.147Z</time>
<extensions>
<gpxtpx:TrackPointExtension>
<gpxtpx:hr>122</gpxtpx:hr>
</gpxtpx:TrackPointExtension>
</extensions>
</trkpt>
<trkpt lat="46.3201825" lon="13.7444058">
<ele>1915.20</ele>
<time>2026-07-25T11:28:38.128Z</time>
<extensions>
<gpxtpx:TrackPointExtension>
<gpxtpx:hr>116</gpxtpx:hr>
</gpxtpx:TrackPointExtension>
</extensions>
</trkpt>
<trkpt lat="46.3203628" lon="13.7444222">
<ele>1920.33</ele>
<time>2026-07-25T11:29:06.198Z</time>
<extensions>
<gpxtpx:TrackPointExtension>
<gpxtpx:hr>122</gpxtpx:hr>
</gpxtpx:TrackPointExtension>
</extensions>
</trkpt>
<trkpt lat="46.3205319" lon="13.7443001">
<ele>1925.46</ele>
<time>2026-07-25T11:29:45.370Z</time>
<extensions>
<gpxtpx:TrackPointExtension>
<gpxtpx:hr>128</gpxtpx:hr>
</gpxtpx:TrackPointExtension>
</extensions>
</trkpt>
<trkpt lat="46.3206901" lon="13.7441756">
<ele>1931.13</ele>
<time>2026-07-25T11:30:16.151Z</time>
<extensions>
<gpxtpx:TrackPointExtension>
<gpxtpx:hr>133</gpxtpx:hr>
</gpxtpx:TrackPointExtension>
</extensions>
</trkpt>
<trkpt lat="46.3208670" lon="13.7441195">
<ele>1938.52</ele>
<time>2026-07-25T11:30:51.088Z</time>
<extensions>
<gpxtpx:TrackPointExtension>
<gpxtpx:hr>123</gpxtpx:hr>
</gpxtpx:TrackPointExtension>
</extensions>
</trkpt>
<trkpt lat="46.3210478" lon="13.7441226">
<ele>1945.02</ele>
<time>2026-07-25T11:32:12.126Z</time>
<extensions>
<gpxtpx:TrackPointExtension>
<gpxtpx:hr>123</gpxtpx:hr>
</gpxtpx:TrackPointExtension>
</extensions>
</trkpt>
<trkpt lat="46.3212316" lon="13.7441240">
<ele>1951.68</ele>
<time>2026-07-25T11:32:55.791Z</time>
<extensions>
<gpxtpx:TrackPointExtension>
<gpxtpx:hr>132</gpxtpx:hr>
</gpxtpx:TrackPointExtension>
</extensions>
</trkpt>
<trkpt lat="46.3213881" lon="13.7442548">
<ele>1955.23</ele>
<time>2026-07-25T11:33:20.688Z</time>
<extensions>
<gpxtpx:TrackPointExtension>
<gpxtpx:hr>129</gpxtpx:hr>
</gpxtpx:TrackPointExtension>
</extensions>
</trkpt>
<trkpt lat="46.3214760" lon="13.7444823">
<ele>1954.54</ele>
<time>2026-07-25T11:34:10.143Z</time>
<extensions>
<gpxtpx:TrackPointExtension>
<gpxtpx:hr>123</gpxtpx:hr>
</gpxtpx:TrackPointExtension>
</extensions>
</trkpt>
<trkpt lat="46.3216431" lon="13.7446043">
<ele>1957.84</ele>
<time>2026-07-25T11:35:15.208Z</time>
<extensions>
<gpxtpx:TrackPointExtension>
<gpxtpx:hr>119</gpxtpx:hr>
</gpxtpx:TrackPointExtension>
</extensions>
</trkpt>
<trkpt lat="46.3217611" lon="13.7448055">
<ele>1957.71</ele>
<time>2026-07-25T11:36:26.171Z</time>
<extensions>
<gpxtpx:TrackPointExtension>
<gpxtpx:hr>135</gpxtpx:hr>
</gpxtpx:TrackPointExtension>
</extensions>
</trkpt>
<trkpt lat="46.3219295" lon="13.7449069">
<ele>1961.02</ele>
<time>2026-07-25T11:36:37.153Z</time>
<extensions>
<gpxtpx:TrackPointExtension>
<gpxtpx:hr>133</gpxtpx:hr>
</gpxtpx:TrackPointExtension>
</extensions>
</trkpt>
<trkpt lat="46.3220948" lon="13.7450180">
<ele>1963.99</ele>
<time>2026-07-25T11:37:23.611Z</time>
<extensions>
<gpxtpx:TrackPointExtension>
<gpxtpx:hr>141</gpxtpx:hr>
</gpxtpx:TrackPointExtension>
</extensions>
</trkpt>
<trkpt lat="46.3222320" lon="13.7452826">
<ele>1962.39</ele>
<time>2026-07-25T11:38:02.171Z</time>
<extensions>
<gpxtpx:TrackPointExtension>
<gpxtpx:hr>130</gpxtpx:hr>
</gpxtpx:TrackPointExtension>
</extensions>
</trkpt>
<trkpt lat="46.3223608" lon="13.7453728">
<ele>1963.86</ele>
<time>2026-07-25T11:38:51.389Z</time>
<extensions>
<gpxtpx:TrackPointExtension>
<gpxtpx:hr>129</gpxtpx:hr>
</gpxtpx:TrackPointExtension>
</extensions>
</trkpt>
<trkpt lat="46.3224549" lon="13.7455151">
<ele>1962.88</ele>
<time>2026-07-25T11:41:27.238Z</time>
<extensions>
<gpxtpx:TrackPointExtension>
<gpxtpx:hr>121</gpxtpx:hr>
</gpxtpx:TrackPointExtension>
</extensions>
</trkpt>
<trkpt lat="46.3226328" lon="13.7455784">
<ele>1965.16</ele>
<time>2026-07-25T11:41:50.971Z</time>
<extensions>
<gpxtpx:TrackPointExtension>
<gpxtpx:hr>115</gpxtpx:hr>
</gpxtpx:TrackPointExtension>
</extensions>
</trkpt>
<trkpt lat="46.3228061" lon="13.7454812">
<ele>1971.47</ele>
<time>2026-07-25T11:42:28.912Z</time>
<extensions>
<gpxtpx:TrackPointExtension>
<gpxtpx:hr>118</gpxtpx:hr>
</gpxtpx:TrackPointExtension>
</extensions>
</trkpt>
<trkpt lat="46.3229880" lon="13.7455099">
<ele>1974.53</ele>
<time>2026-07-25T11:43:34.907Z</time>
<extensions>
<gpxtpx:TrackPointExtension>
<gpxtpx:hr>121</gpxtpx:hr>
</gpxtpx:TrackPointExtension>
</extensions>
</trkpt>
<trkpt lat="46.3231626" lon="13.7455733">
<ele>1976.22</ele>
<time>2026-07-25T11:44:07.130Z</time>
<extensions>
<gpxtpx:TrackPointExtension>
<gpxtpx:hr>108</gpxtpx:hr>
</gpxtpx:TrackPointExtension>
</extensions>
</trkpt>
<trkpt lat="46.3233266" lon="13.7454512">
<ele>1983.69</ele>
<time>2026-07-25T11:47:13.172Z</time>
<extensions>
<gpxtpx:TrackPointExtension>
<gpxtpx:hr>106</gpxtpx:hr>
</gpxtpx:TrackPointExtension>
</extensions>
</trkpt>
<trkpt lat="46.3232388" lon="13.7452231">
<ele>1989.22</ele>
<time>2026-07-25T11:48:30.143Z</time>
<extensions>
<gpxtpx:TrackPointExtension>
<gpxtpx:hr>101</gpxtpx:hr>
</gpxtpx:TrackPointExtension>
</extensions>
</trkpt>
<trkpt lat="46.3233629" lon="13.7450322">
<ele>1997.76</ele>
<time>2026-07-25T11:49:47.849Z</time>
<extensions>
<gpxtpx:TrackPointExtension>
<gpxtpx:hr>124</gpxtpx:hr>
</gpxtpx:TrackPointExtension>
</extensions>
</trkpt>
<trkpt lat="46.3234903" lon="13.7448478">
<ele>2002.22</ele>
<time>2026-07-25T11:50:25.172Z</time>
<extensions>
<gpxtpx:TrackPointExtension>
<gpxtpx:hr>128</gpxtpx:hr>
</gpxtpx:TrackPointExtension>
</extensions>
</trkpt>
<trkpt lat="46.3235992" lon="13.7444905">
<ele>2012.63</ele>
<time>2026-07-25T11:51:38.750Z</time>
<extensions>
<gpxtpx:TrackPointExtension>
<gpxtpx:hr>120</gpxtpx:hr>
</gpxtpx:TrackPointExtension>
</extensions>
</trkpt>
<trkpt lat="46.3237013" lon="13.7442565">
<ele>2021.17</ele>
<time>2026-07-25T11:52:19.008Z</time>
<extensions>
<gpxtpx:TrackPointExtension>
<gpxtpx:hr>110</gpxtpx:hr>
</gpxtpx:TrackPointExtension>
</extensions>
</trkpt>
<trkpt lat="46.3238620" lon="13.7441160">
<ele>2028.51</ele>
<time>2026-07-25T11:53:15.204Z</time>
<extensions>
<gpxtpx:TrackPointExtension>
<gpxtpx:hr>118</gpxtpx:hr>
</gpxtpx:TrackPointExtension>
</extensions>
</trkpt>
<trkpt lat="46.3240291" lon="13.7440105">
<ele>2035.24</ele>
<time>2026-07-25T11:53:59.511Z</time>
<extensions>
<gpxtpx:TrackPointExtension>
<gpxtpx:hr>121</gpxtpx:hr>
</gpxtpx:TrackPointExtension>
</extensions>
</trkpt>
<trkpt lat="46.3242101" lon="13.7439567">
<ele>2040.42</ele>
<time>2026-07-25T11:54:35.889Z</time>
<extensions>
<gpxtpx:TrackPointExtension>
<gpxtpx:hr>119</gpxtpx:hr>
</gpxtpx:TrackPointExtension>
</extensions>
</trkpt>
<trkpt lat="46.3243894" lon="13.7439831">
<ele>2039.95</ele>
<time>2026-07-25T11:55:18.159Z</time>
<extensions>
<gpxtpx:TrackPointExtension>
<gpxtpx:hr>130</gpxtpx:hr>
</gpxtpx:TrackPointExtension>
</extensions>
</trkpt>
<trkpt lat="46.3245133" lon="13.7437746">
<ele>2048.04</ele>
<time>2026-07-25T11:56:16.747Z</time>
<extensions>
<gpxtpx:TrackPointExtension>
<gpxtpx:hr>110</gpxtpx:hr>
</gpxtpx:TrackPointExtension>
</extensions>
</trkpt>
<trkpt lat="46.3248236" lon="13.7435898">
<ele>2056.59</ele>
<time>2026-07-25T11:57:20.111Z</time>
<extensions>
<gpxtpx:TrackPointExtension>
<gpxtpx:hr>101</gpxtpx:hr>
</gpxtpx:TrackPointExtension>
</extensions>
</trkpt>
<trkpt lat="46.3249980" lon="13.7435209">
<ele>2060.34</ele>
<time>2026-07-25T11:58:40.990Z</time>
<extensions>
<gpxtpx:TrackPointExtension>
<gpxtpx:hr>113</gpxtpx:hr>
</gpxtpx:TrackPointExtension>
</extensions>
</trkpt>
<trkpt lat="46.3251079" lon="13.7433114">
<ele>2066.96</ele>
<time>2026-07-25T11:59:33.071Z</time>
<extensions>
<gpxtpx:TrackPointExtension>
<gpxtpx:hr>121</gpxtpx:hr>
</gpxtpx:TrackPointExtension>
</extensions>
</trkpt>
<trkpt lat="46.3252624" lon="13.7431714">
<ele>2069.05</ele>
<time>2026-07-25T12:00:02.089Z</time>
<extensions>
<gpxtpx:TrackPointExtension>
<gpxtpx:hr>124</gpxtpx:hr>
</gpxtpx:TrackPointExtension>
</extensions>
</trkpt>
<trkpt lat="46.3253264" lon="13.7429127">
<ele>2076.47</ele>
<time>2026-07-25T12:00:34.448Z</time>
<extensions>
<gpxtpx:TrackPointExtension>
<gpxtpx:hr>129</gpxtpx:hr>
</gpxtpx:TrackPointExtension>
</extensions>
</trkpt>
<trkpt lat="46.3254310" lon="13.7426794">
<ele>2081.87</ele>
<time>2026-07-25T12:01:14.751Z</time>
<extensions>
<gpxtpx:TrackPointExtension>
<gpxtpx:hr>139</gpxtpx:hr>
</gpxtpx:TrackPointExtension>
</extensions>
</trkpt>
<trkpt lat="46.3256030" lon="13.7425903">
<ele>2080.75</ele>
<time>2026-07-25T12:01:33.727Z</time>
<extensions>
<gpxtpx:TrackPointExtension>
<gpxtpx:hr>141</gpxtpx:hr>
</gpxtpx:TrackPointExtension>
</extensions>
</trkpt>
<trkpt lat="46.3257487" lon="13.7424321">
<ele>2081.35</ele>
<time>2026-07-25T12:02:02.710Z</time>
<extensions>
<gpxtpx:TrackPointExtension>
<gpxtpx:hr>134</gpxtpx:hr>
</gpxtpx:TrackPointExtension>
</extensions>
</trkpt>
<trkpt lat="46.3259032" lon="13.7422946">
<ele>2082.48</ele>
<time>2026-07-25T12:02:31.029Z</time>
<extensions>
<gpxtpx:TrackPointExtension>
<gpxtpx:hr>140</gpxtpx:hr>
</gpxtpx:TrackPointExtension>
</extensions>
</trkpt>
<trkpt lat="46.3260824" lon="13.7422618">
<ele>2083.36</ele>
<time>2026-07-25T12:02:54.031Z</time>
<extensions>
<gpxtpx:TrackPointExtension>
<gpxtpx:hr>142</gpxtpx:hr>
</gpxtpx:TrackPointExtension>
</extensions>
</trkpt>
<trkpt lat="46.3262556" lon="13.7421675">
<ele>2085.89</ele>
<time>2026-07-25T12:03:19.628Z</time>
<extensions>
<gpxtpx:TrackPointExtension>
<gpxtpx:hr>141</gpxtpx:hr>
</gpxtpx:TrackPointExtension>
</extensions>
</trkpt>
<trkpt lat="46.3264194" lon="13.7420484">
<ele>2089.34</ele>
<time>2026-07-25T12:03:45.180Z</time>
<extensions>
<gpxtpx:TrackPointExtension>
<gpxtpx:hr>141</gpxtpx:hr>
</gpxtpx:TrackPointExtension>
</extensions>
</trkpt>
<trkpt lat="46.3265700" lon="13.7418906">
<ele>2094.16</ele>
<time>2026-07-25T12:04:16.170Z</time>
<extensions>
<gpxtpx:TrackPointExtension>
<gpxtpx:hr>144</gpxtpx:hr>
</gpxtpx:TrackPointExtension>
</extensions>
</trkpt>
<trkpt lat="46.3264271" lon="13.7417237">
<ele>2098.04</ele>
<time>2026-07-25T12:05:01.371Z</time>
<extensions>
<gpxtpx:TrackPointExtension>
<gpxtpx:hr>143</gpxtpx:hr>
</gpxtpx:TrackPointExtension>
</extensions>
</trkpt>
<trkpt lat="46.3262459" lon="13.7417068">
<ele>2097.47</ele>
<time>2026-07-25T12:05:22.949Z</time>
<extensions>
<gpxtpx:TrackPointExtension>
<gpxtpx:hr>142</gpxtpx:hr>
</gpxtpx:TrackPointExtension>
</extensions>
</trkpt>
<trkpt lat="46.3260681" lon="13.7417488">
<ele>2095.47</ele>
<time>2026-07-25T12:05:43.491Z</time>
<extensions>
<gpxtpx:TrackPointExtension>
<gpxtpx:hr>139</gpxtpx:hr>
</gpxtpx:TrackPointExtension>
</extensions>
</trkpt>
<trkpt lat="46.3258851" lon="13.7417619">
<ele>2094.21</ele>
<time>2026-07-25T12:06:03.891Z</time>
<extensions>
<gpxtpx:TrackPointExtension>
<gpxtpx:hr>142</gpxtpx:hr>
</gpxtpx:TrackPointExtension>
</extensions>
</trkpt>
<trkpt lat="46.3260669" lon="13.7417485">
<ele>2095.47</ele>
<time>2026-07-25T12:18:06.927Z</time>
<extensions>
<gpxtpx:TrackPointExtension>
<gpxtpx:hr>117</gpxtpx:hr>
</gpxtpx:TrackPointExtension>
</extensions>
</trkpt>
<trkpt lat="46.3262525" lon="13.7417296">
<ele>2096.93</ele>
<time>2026-07-25T12:18:33.030Z</time>
<extensions>
<gpxtpx:TrackPointExtension>
<gpxtpx:hr>114</gpxtpx:hr>
</gpxtpx:TrackPointExtension>
</extensions>
</trkpt>
<trkpt lat="46.3264326" lon="13.7417401">
<ele>2097.63</ele>
<time>2026-07-25T12:18:59.671Z</time>
<extensions>
<gpxtpx:TrackPointExtension>
<gpxtpx:hr>113</gpxtpx:hr>
</gpxtpx:TrackPointExtension>
</extensions>
</trkpt>
<trkpt lat="46.3267024" lon="13.7418237">
<ele>2098.11</ele>
<time>2026-07-25T12:20:06.151Z</time>
<extensions>
<gpxtpx:TrackPointExtension>
<gpxtpx:hr>113</gpxtpx:hr>
</gpxtpx:TrackPointExtension>
</extensions>
</trkpt>
<trkpt lat="46.3268689" lon="13.7417237">
<ele>2109.66</ele>
<time>2026-07-25T12:20:43.012Z</time>
<extensions>
<gpxtpx:TrackPointExtension>
<gpxtpx:hr>116</gpxtpx:hr>
</gpxtpx:TrackPointExtension>
</extensions>
</trkpt>
<trkpt lat="46.3270527" lon="13.7417162">
<ele>2119.40</ele>
<time>2026-07-25T12:21:41.629Z</time>
<extensions>
<gpxtpx:TrackPointExtension>
<gpxtpx:hr>113</gpxtpx:hr>
</gpxtpx:TrackPointExtension>
</extensions>
</trkpt>
<trkpt lat="46.3272324" lon="13.7417422">
<ele>2127.10</ele>
<time>2026-07-25T12:22:21.147Z</time>
<extensions>
<gpxtpx:TrackPointExtension>
<gpxtpx:hr>113</gpxtpx:hr>
</gpxtpx:TrackPointExtension>
</extensions>
</trkpt>
<trkpt lat="46.3274064" lon="13.7418343">
<ele>2129.51</ele>
<time>2026-07-25T12:23:21.115Z</time>
<extensions>
<gpxtpx:TrackPointExtension>
<gpxtpx:hr>124</gpxtpx:hr>
</gpxtpx:TrackPointExtension>
</extensions>
</trkpt>
<trkpt lat="46.3275846" lon="13.7418778">
<ele>2132.90</ele>
<time>2026-07-25T12:23:57.136Z</time>
<extensions>
<gpxtpx:TrackPointExtension>
<gpxtpx:hr>139</gpxtpx:hr>
</gpxtpx:TrackPointExtension>
</extensions>
</trkpt>
<trkpt lat="46.3277542" lon="13.7417869">
<ele>2144.65</ele>
<time>2026-07-25T12:24:36.175Z</time>
<extensions>
<gpxtpx:TrackPointExtension>
<gpxtpx:hr>139</gpxtpx:hr>
</gpxtpx:TrackPointExtension>
</extensions>
</trkpt>
<trkpt lat="46.3279397" lon="13.7417893">
<ele>2149.89</ele>
<time>2026-07-25T12:25:09.810Z</time>
<extensions>
<gpxtpx:TrackPointExtension>
<gpxtpx:hr>142</gpxtpx:hr>
</gpxtpx:TrackPointExtension>
</extensions>
</trkpt>
<trkpt lat="46.3281193" lon="13.7417753">
<ele>2156.30</ele>
<time>2026-07-25T12:26:06.427Z</time>
<extensions>
<gpxtpx:TrackPointExtension>
<gpxtpx:hr>135</gpxtpx:hr>
</gpxtpx:TrackPointExtension>
</extensions>
</trkpt>
<trkpt lat="46.3283012" lon="13.7417710">
<ele>2162.04</ele>
<time>2026-07-25T12:26:39.131Z</time>
<extensions>
<gpxtpx:TrackPointExtension>
<gpxtpx:hr>138</gpxtpx:hr>
</gpxtpx:TrackPointExtension>
</extensions>
</trkpt>
<trkpt lat="46.3284821" lon="13.7417413">
<ele>2173.19</ele>
<time>2026-07-25T12:27:05.351Z</time>
<extensions>
<gpxtpx:TrackPointExtension>
<gpxtpx:hr>146</gpxtpx:hr>
</gpxtpx:TrackPointExtension>
</extensions>
</trkpt>
<trkpt lat="46.3286472" lon="13.7416360">
<ele>2188.79</ele>
<time>2026-07-25T12:27:36.847Z</time>
<extensions>
<gpxtpx:TrackPointExtension>
<gpxtpx:hr>148</gpxtpx:hr>
</gpxtpx:TrackPointExtension>
</extensions>
</trkpt>
<trkpt lat="46.3288085" lon="13.7415195">
<ele>2193.66</ele>
<time>2026-07-25T12:28:18.968Z</time>
<extensions>
<gpxtpx:TrackPointExtension>
<gpxtpx:hr>141</gpxtpx:hr>
</gpxtpx:TrackPointExtension>
</extensions>
</trkpt>
<trkpt lat="46.3289925" lon="13.7414653">
<ele>2200.91</ele>
<time>2026-07-25T12:29:17.192Z</time>
<extensions>
<gpxtpx:TrackPointExtension>
<gpxtpx:hr>142</gpxtpx:hr>
</gpxtpx:TrackPointExtension>
</extensions>
</trkpt>
<trkpt lat="46.3291123" lon="13.7412672">
<ele>2197.96</ele>
<time>2026-07-25T12:29:48.180Z</time>
<extensions>
<gpxtpx:TrackPointExtension>
<gpxtpx:hr>148</gpxtpx:hr>
</gpxtpx:TrackPointExtension>
</extensions>
</trkpt>
<trkpt lat="46.3292921" lon="13.7412764">
<ele>2195.29</ele>
<time>2026-07-25T12:30:21.289Z</time>
<extensions>
<gpxtpx:TrackPointExtension>
<gpxtpx:hr>154</gpxtpx:hr>
</gpxtpx:TrackPointExtension>
</extensions>
</trkpt>
<trkpt lat="46.3294651" lon="13.7414280">
<ele>2196.57</ele>
<time>2026-07-25T12:30:26.118Z</time>
<extensions>
<gpxtpx:TrackPointExtension>
<gpxtpx:hr>153</gpxtpx:hr>
</gpxtpx:TrackPointExtension>
</extensions>
</trkpt>
<trkpt lat="46.3296729" lon="13.7414360">
<ele>2189.25</ele>
<time>2026-07-25T12:30:29.140Z</time>
<extensions>
<gpxtpx:TrackPointExtension>
<gpxtpx:hr>153</gpxtpx:hr>
</gpxtpx:TrackPointExtension>
</extensions>
</trkpt>
<trkpt lat="46.3297968" lon="13.7414254">
<ele>2183.87</ele>
<time>2026-07-25T12:32:36.028Z</time>
<extensions>
<gpxtpx:TrackPointExtension>
<gpxtpx:hr>133</gpxtpx:hr>
</gpxtpx:TrackPointExtension>
</extensions>
</trkpt>
<trkpt lat="46.3299883" lon="13.7414617">
<ele>2179.44</ele>
<time>2026-07-25T12:33:16.103Z</time>
<extensions>
<gpxtpx:TrackPointExtension>
<gpxtpx:hr>127</gpxtpx:hr>
</gpxtpx:TrackPointExtension>
</extensions>
</trkpt>
<trkpt lat="46.3301711" lon="13.7414438">
<ele>2171.20</ele>
<time>2026-07-25T12:33:36.669Z</time>
<extensions>
<gpxtpx:TrackPointExtension>
<gpxtpx:hr>125</gpxtpx:hr>
</gpxtpx:TrackPointExtension>
</extensions>
</trkpt>
<trkpt lat="46.3303475" lon="13.7415189">
<ele>2168.80</ele>
<time>2026-07-25T12:34:03.887Z</time>
<extensions>
<gpxtpx:TrackPointExtension>
<gpxtpx:hr>127</gpxtpx:hr>
</gpxtpx:TrackPointExtension>
</extensions>
</trkpt>
<trkpt lat="46.3305264" lon="13.7415555">
<ele>2162.87</ele>
<time>2026-07-25T12:34:53.070Z</time>
<extensions>
<gpxtpx:TrackPointExtension>
<gpxtpx:hr>118</gpxtpx:hr>
</gpxtpx:TrackPointExtension>
</extensions>
</trkpt>
<trkpt lat="46.3307050" lon="13.7414917">
<ele>2152.79</ele>
<time>2026-07-25T12:40:50.102Z</time>
<extensions>
<gpxtpx:TrackPointExtension>
<gpxtpx:hr>89</gpxtpx:hr>
</gpxtpx:TrackPointExtension>
</extensions>
</trkpt>
<trkpt lat="46.3308800" lon="13.7414250">
<ele>2145.62</ele>
<time>2026-07-25T12:47:54.103Z</time>
<extensions>
<gpxtpx:TrackPointExtension>
<gpxtpx:hr>101</gpxtpx:hr>
</gpxtpx:TrackPointExtension>
</extensions>
</trkpt>
<trkpt lat="46.3310650" lon="13.7415067">
<ele>2145.98</ele>
<time>2026-07-25T12:52:34.104Z</time>
<extensions>
<gpxtpx:TrackPointExtension>
<gpxtpx:hr>122</gpxtpx:hr>
</gpxtpx:TrackPointExtension>
</extensions>
</trkpt>
<trkpt lat="46.3312492" lon="13.7415249">
<ele>2144.64</ele>
<time>2026-07-25T12:53:33.870Z</time>
<extensions>
<gpxtpx:TrackPointExtension>
<gpxtpx:hr>117</gpxtpx:hr>
</gpxtpx:TrackPointExtension>
</extensions>
</trkpt>
<trkpt lat="46.3314148" lon="13.7415768">
<ele>2143.56</ele>
<time>2026-07-25T12:54:31.104Z</time>
<extensions>
<gpxtpx:TrackPointExtension>
<gpxtpx:hr>115</gpxtpx:hr>
</gpxtpx:TrackPointExtension>
</extensions>
</trkpt>
<trkpt lat="46.3315879" lon="13.7414982">
<ele>2141.46</ele>
<time>2026-07-25T12:55:05.908Z</time>
<extensions>
<gpxtpx:TrackPointExtension>
<gpxtpx:hr>110</gpxtpx:hr>
</gpxtpx:TrackPointExtension>
</extensions>
</trkpt>
<trkpt lat="46.3317414" lon="13.7413618">
<ele>2142.78</ele>
<time>2026-07-25T12:56:15.115Z</time>
<extensions>
<gpxtpx:TrackPointExtension>
<gpxtpx:hr>103</gpxtpx:hr>
</gpxtpx:TrackPointExtension>
</extensions>
</trkpt>
<trkpt lat="46.3319015" lon="13.7412313">
<ele>2146.59</ele>
<time>2026-07-25T12:57:46.908Z</time>
<extensions>
<gpxtpx:TrackPointExtension>
<gpxtpx:hr>98</gpxtpx:hr>
</gpxtpx:TrackPointExtension>
</extensions>
</trkpt>
<trkpt lat="46.3320673" lon="13.7411128">
<ele>2149.80</ele>
<time>2026-07-25T12:58:26.968Z</time>
<extensions>
<gpxtpx:TrackPointExtension>
<gpxtpx:hr>98</gpxtpx:hr>
</gpxtpx:TrackPointExtension>
</extensions>
</trkpt>
<trkpt lat="46.3322426" lon="13.7410373">
<ele>2152.98</ele>
<time>2026-07-25T12:59:07.107Z</time>
<extensions>
<gpxtpx:TrackPointExtension>
<gpxtpx:hr>109</gpxtpx:hr>
</gpxtpx:TrackPointExtension>
</extensions>
</trkpt>
<trkpt lat="46.3323874" lon="13.7408802">
<ele>2153.71</ele>
<time>2026-07-25T12:59:57.830Z</time>
<extensions>
<gpxtpx:TrackPointExtension>
<gpxtpx:hr>125</gpxtpx:hr>
</gpxtpx:TrackPointExtension>
</extensions>
</trkpt>
<trkpt lat="46.3325967" lon="13.7410367">
<ele>2151.64</ele>
<time>2026-07-25T13:01:43.105Z</time>
<extensions>
<gpxtpx:TrackPointExtension>
<gpxtpx:hr>114</gpxtpx:hr>
</gpxtpx:TrackPointExtension>
</extensions>
</trkpt>
<trkpt lat="46.3327450" lon="13.7412833">
<ele>2149.05</ele>
<time>2026-07-25T13:05:10.105Z</time>
<extensions>
<gpxtpx:TrackPointExtension>
<gpxtpx:hr>111</gpxtpx:hr>
</gpxtpx:TrackPointExtension>
</extensions>
</trkpt>
<trkpt lat="46.3328929" lon="13.7414359">
<ele>2147.03</ele>
<time>2026-07-25T13:06:00.650Z</time>
<extensions>
<gpxtpx:TrackPointExtension>
<gpxtpx:hr>113</gpxtpx:hr>
</gpxtpx:TrackPointExtension>
</extensions>
</trkpt>
<trkpt lat="46.3329519" lon="13.7416822">
<ele>2154.94</ele>
<time>2026-07-25T13:06:35.628Z</time>
<extensions>
<gpxtpx:TrackPointExtension>
<gpxtpx:hr>119</gpxtpx:hr>
</gpxtpx:TrackPointExtension>
</extensions>
</trkpt>
<trkpt lat="46.3328891" lon="13.7414361">
<ele>2147.22</ele>
<time>2026-07-25T13:07:51.908Z</time>
<extensions>
<gpxtpx:TrackPointExtension>
<gpxtpx:hr>121</gpxtpx:hr>
</gpxtpx:TrackPointExtension>
</extensions>
</trkpt>
<trkpt lat="46.3327483" lon="13.7412300">
<ele>2147.08</ele>
<time>2026-07-25T13:09:20.107Z</time>
<extensions>
<gpxtpx:TrackPointExtension>
<gpxtpx:hr>130</gpxtpx:hr>
</gpxtpx:TrackPointExtension>
</extensions>
</trkpt>
<trkpt lat="46.3326533" lon="13.7410050">
<ele>2146.66</ele>
<time>2026-07-25T13:11:42.108Z</time>
<extensions>
<gpxtpx:TrackPointExtension>
<gpxtpx:hr>123</gpxtpx:hr>
</gpxtpx:TrackPointExtension>
</extensions>
</trkpt>
<trkpt lat="46.3324567" lon="13.7408217">
<ele>2153.59</ele>
<time>2026-07-25T13:16:02.108Z</time>
<extensions>
<gpxtpx:TrackPointExtension>
<gpxtpx:hr>100</gpxtpx:hr>
</gpxtpx:TrackPointExtension>
</extensions>
</trkpt>
<trkpt lat="46.3322982" lon="13.7409495">
<ele>2152.99</ele>
<time>2026-07-25T13:17:38.964Z</time>
<extensions>
<gpxtpx:TrackPointExtension>
<gpxtpx:hr>102</gpxtpx:hr>
</gpxtpx:TrackPointExtension>
</extensions>
</trkpt>
<trkpt lat="46.3321467" lon="13.7410933">
<ele>2151.47</ele>
<time>2026-07-25T13:18:24.801Z</time>
<extensions>
<gpxtpx:TrackPointExtension>
<gpxtpx:hr>111</gpxtpx:hr>
</gpxtpx:TrackPointExtension>
</extensions>
</trkpt>
<trkpt lat="46.3319678" lon="13.7411450">
<ele>2147.69</ele>
<time>2026-07-25T13:19:08.043Z</time>
<extensions>
<gpxtpx:TrackPointExtension>
<gpxtpx:hr>113</gpxtpx:hr>
</gpxtpx:TrackPointExtension>
</extensions>
</trkpt>
<trkpt lat="46.3318290" lon="13.7413181">
<ele>2145.09</ele>
<time>2026-07-25T13:19:40.133Z</time>
<extensions>
<gpxtpx:TrackPointExtension>
<gpxtpx:hr>104</gpxtpx:hr>
</gpxtpx:TrackPointExtension>
</extensions>
</trkpt>
<trkpt lat="46.3316552" lon="13.7413908">
<ele>2140.73</ele>
<time>2026-07-25T13:20:30.300Z</time>
<extensions>
<gpxtpx:TrackPointExtension>
<gpxtpx:hr>113</gpxtpx:hr>
</gpxtpx:TrackPointExtension>
</extensions>
</trkpt>
<trkpt lat="46.3316174" lon="13.7411234">
<ele>2140.23</ele>
<time>2026-07-25T13:22:07.209Z</time>
<extensions>
<gpxtpx:TrackPointExtension>
<gpxtpx:hr>115</gpxtpx:hr>
</gpxtpx:TrackPointExtension>
</extensions>
</trkpt>
<trkpt lat="46.3311959" lon="13.7408279">
<ele>2134.59</ele>
<time>2026-07-25T13:25:48.217Z</time>
<extensions>
<gpxtpx:TrackPointExtension>
<gpxtpx:hr>106</gpxtpx:hr>
</gpxtpx:TrackPointExtension>
</extensions>
</trkpt>
<trkpt lat="46.3310350" lon="13.7407097">
<ele>2125.87</ele>
<time>2026-07-25T13:26:48.121Z</time>
<extensions>
<gpxtpx:TrackPointExtension>
<gpxtpx:hr>110</gpxtpx:hr>
</gpxtpx:TrackPointExtension>
</extensions>
</trkpt>
<trkpt lat="46.3308800" lon="13.7404400">
<ele>2108.35</ele>
<time>2026-07-25T13:29:40.110Z</time>
<extensions>
<gpxtpx:TrackPointExtension>
<gpxtpx:hr>109</gpxtpx:hr>
</gpxtpx:TrackPointExtension>
</extensions>
</trkpt>
<trkpt lat="46.3309959" lon="13.7402398">
<ele>2097.72</ele>
<time>2026-07-25T13:34:32.114Z</time>
<extensions>
<gpxtpx:TrackPointExtension>
<gpxtpx:hr>110</gpxtpx:hr>
</gpxtpx:TrackPointExtension>
</extensions>
</trkpt>
<trkpt lat="46.3311180" lon="13.7400424">
<ele>2087.24</ele>
<time>2026-07-25T13:35:31.164Z</time>
<extensions>
<gpxtpx:TrackPointExtension>
<gpxtpx:hr>114</gpxtpx:hr>
</gpxtpx:TrackPointExtension>
</extensions>
</trkpt>
<trkpt lat="46.3310558" lon="13.7397977">
<ele>2070.36</ele>
<time>2026-07-25T13:37:18.200Z</time>
<extensions>
<gpxtpx:TrackPointExtension>
<gpxtpx:hr>122</gpxtpx:hr>
</gpxtpx:TrackPointExtension>
</extensions>
</trkpt>
<trkpt lat="46.3311978" lon="13.7396330">
<ele>2060.59</ele>
<time>2026-07-25T13:37:52.041Z</time>
<extensions>
<gpxtpx:TrackPointExtension>
<gpxtpx:hr>119</gpxtpx:hr>
</gpxtpx:TrackPointExtension>
</extensions>
</trkpt>
<trkpt lat="46.3311062" lon="13.7394042">
<ele>2044.10</ele>
<time>2026-07-25T13:39:27.168Z</time>
<extensions>
<gpxtpx:TrackPointExtension>
<gpxtpx:hr>108</gpxtpx:hr>
</gpxtpx:TrackPointExtension>
</extensions>
</trkpt>
<trkpt lat="46.3312037" lon="13.7391806">
<ele>2029.95</ele>
<time>2026-07-25T13:40:02.176Z</time>
<extensions>
<gpxtpx:TrackPointExtension>
<gpxtpx:hr>106</gpxtpx:hr>
</gpxtpx:TrackPointExtension>
</extensions>
</trkpt>
<trkpt lat="46.3312994" lon="13.7389570">
<ele>2021.08</ele>
<time>2026-07-25T13:40:39.181Z</time>
<extensions>
<gpxtpx:TrackPointExtension>
<gpxtpx:hr>111</gpxtpx:hr>
</gpxtpx:TrackPointExtension>
</extensions>
</trkpt>
<trkpt lat="46.3314415" lon="13.7387971">
<ele>2015.03</ele>
<time>2026-07-25T13:41:22.021Z</time>
<extensions>
<gpxtpx:TrackPointExtension>
<gpxtpx:hr>116</gpxtpx:hr>
</gpxtpx:TrackPointExtension>
</extensions>
</trkpt>
<trkpt lat="46.3317467" lon="13.7386162">
<ele>2008.10</ele>
<time>2026-07-25T13:42:50.180Z</time>
<extensions>
<gpxtpx:TrackPointExtension>
<gpxtpx:hr>121</gpxtpx:hr>
</gpxtpx:TrackPointExtension>
</extensions>
</trkpt>
<trkpt lat="46.3319278" lon="13.7386325">
<ele>2010.23</ele>
<time>2026-07-25T13:43:31.483Z</time>
<extensions>
<gpxtpx:TrackPointExtension>
<gpxtpx:hr>128</gpxtpx:hr>
</gpxtpx:TrackPointExtension>
</extensions>
</trkpt>
<trkpt lat="46.3321099" lon="13.7386303">
<ele>2011.40</ele>
<time>2026-07-25T13:44:27.165Z</time>
<extensions>
<gpxtpx:TrackPointExtension>
<gpxtpx:hr>123</gpxtpx:hr>
</gpxtpx:TrackPointExtension>
</extensions>
</trkpt>
<trkpt lat="46.3322705" lon="13.7384974">
<ele>2003.27</ele>
<time>2026-07-25T13:45:19.103Z</time>
<extensions>
<gpxtpx:TrackPointExtension>
<gpxtpx:hr>117</gpxtpx:hr>
</gpxtpx:TrackPointExtension>
</extensions>
</trkpt>
<trkpt lat="46.3323740" lon="13.7383867">
<ele>1995.37</ele>
<time>2026-07-25T13:46:17.127Z</time>
<extensions>
<gpxtpx:TrackPointExtension>
<gpxtpx:hr>110</gpxtpx:hr>
</gpxtpx:TrackPointExtension>
</extensions>
</trkpt>
<trkpt lat="46.3325472" lon="13.7383119">
<ele>1991.37</ele>
<time>2026-07-25T13:46:40.740Z</time>
<extensions>
<gpxtpx:TrackPointExtension>
<gpxtpx:hr>111</gpxtpx:hr>
</gpxtpx:TrackPointExtension>
</extensions>
</trkpt>
<trkpt lat="46.3327279" lon="13.7383464">
<ele>1995.45</ele>
<time>2026-07-25T13:47:33.640Z</time>
<extensions>
<gpxtpx:TrackPointExtension>
<gpxtpx:hr>110</gpxtpx:hr>
</gpxtpx:TrackPointExtension>
</extensions>
</trkpt>
<trkpt lat="46.3329085" lon="13.7383569">
<ele>1998.79</ele>
<time>2026-07-25T13:48:03.842Z</time>
<extensions>
<gpxtpx:TrackPointExtension>
<gpxtpx:hr>119</gpxtpx:hr>
</gpxtpx:TrackPointExtension>
</extensions>
</trkpt>
<trkpt lat="46.3330803" lon="13.7384359">
<ele>2005.48</ele>
<time>2026-07-25T13:48:35.060Z</time>
<extensions>
<gpxtpx:TrackPointExtension>
<gpxtpx:hr>127</gpxtpx:hr>
</gpxtpx:TrackPointExtension>
</extensions>
</trkpt>
<trkpt lat="46.3332461" lon="13.7385393">
<ele>2012.07</ele>
<time>2026-07-25T13:48:57.581Z</time>
<extensions>
<gpxtpx:TrackPointExtension>
<gpxtpx:hr>130</gpxtpx:hr>
</gpxtpx:TrackPointExtension>
</extensions>
</trkpt>
<trkpt lat="46.3334183" lon="13.7386354">
<ele>2016.10</ele>
<time>2026-07-25T13:49:29.181Z</time>
<extensions>
<gpxtpx:TrackPointExtension>
<gpxtpx:hr>134</gpxtpx:hr>
</gpxtpx:TrackPointExtension>
</extensions>
</trkpt>
<trkpt lat="46.3335674" lon="13.7387885">
<ele>2020.84</ele>
<time>2026-07-25T13:49:57.844Z</time>
<extensions>
<gpxtpx:TrackPointExtension>
<gpxtpx:hr>132</gpxtpx:hr>
</gpxtpx:TrackPointExtension>
</extensions>
</trkpt>
<trkpt lat="46.3336985" lon="13.7389720">
<ele>2026.02</ele>
<time>2026-07-25T13:50:23.941Z</time>
<extensions>
<gpxtpx:TrackPointExtension>
<gpxtpx:hr>135</gpxtpx:hr>
</gpxtpx:TrackPointExtension>
</extensions>
</trkpt>
<trkpt lat="46.3338492" lon="13.7391154">
<ele>2028.68</ele>
<time>2026-07-25T13:50:49.782Z</time>
<extensions>
<gpxtpx:TrackPointExtension>
<gpxtpx:hr>140</gpxtpx:hr>
</gpxtpx:TrackPointExtension>
</extensions>
</trkpt>
<trkpt lat="46.3339822" lon="13.7392978">
<ele>2032.10</ele>
<time>2026-07-25T13:51:12.207Z</time>
<extensions>
<gpxtpx:TrackPointExtension>
<gpxtpx:hr>132</gpxtpx:hr>
</gpxtpx:TrackPointExtension>
</extensions>
</trkpt>
<trkpt lat="46.3341510" lon="13.7396717">
<ele>2039.33</ele>
<time>2026-07-25T13:52:37.002Z</time>
<extensions>
<gpxtpx:TrackPointExtension>
<gpxtpx:hr>133</gpxtpx:hr>
</gpxtpx:TrackPointExtension>
</extensions>
</trkpt>
<trkpt lat="46.3342412" lon="13.7398986">
<ele>2043.20</ele>
<time>2026-07-25T13:53:07.064Z</time>
<extensions>
<gpxtpx:TrackPointExtension>
<gpxtpx:hr>127</gpxtpx:hr>
</gpxtpx:TrackPointExtension>
</extensions>
</trkpt>
<trkpt lat="46.3343652" lon="13.7400939">
<ele>2044.44</ele>
<time>2026-07-25T13:53:33.162Z</time>
<extensions>
<gpxtpx:TrackPointExtension>
<gpxtpx:hr>132</gpxtpx:hr>
</gpxtpx:TrackPointExtension>
</extensions>
</trkpt>
<trkpt lat="46.3343605" lon="13.7403585">
<ele>2049.99</ele>
<time>2026-07-25T13:54:16.122Z</time>
<extensions>
<gpxtpx:TrackPointExtension>
<gpxtpx:hr>137</gpxtpx:hr>
</gpxtpx:TrackPointExtension>
</extensions>
</trkpt>
<trkpt lat="46.3343359" lon="13.7406199">
<ele>2056.11</ele>
<time>2026-07-25T13:54:37.683Z</time>
<extensions>
<gpxtpx:TrackPointExtension>
<gpxtpx:hr>146</gpxtpx:hr>
</gpxtpx:TrackPointExtension>
</extensions>
</trkpt>
<trkpt lat="46.3344075" lon="13.7408659">
<ele>2058.81</ele>
<time>2026-07-25T13:55:00.823Z</time>
<extensions>
<gpxtpx:TrackPointExtension>
<gpxtpx:hr>150</gpxtpx:hr>
</gpxtpx:TrackPointExtension>
</extensions>
</trkpt>
<trkpt lat="46.3343220" lon="13.7410990">
<ele>2065.87</ele>
<time>2026-07-25T13:55:27.681Z</time>
<extensions>
<gpxtpx:TrackPointExtension>
<gpxtpx:hr>143</gpxtpx:hr>
</gpxtpx:TrackPointExtension>
</extensions>
</trkpt>
<trkpt lat="46.3342339" lon="13.7413330">
<ele>2072.91</ele>
<time>2026-07-25T13:55:51.741Z</time>
<extensions>
<gpxtpx:TrackPointExtension>
<gpxtpx:hr>136</gpxtpx:hr>
</gpxtpx:TrackPointExtension>
</extensions>
</trkpt>
<trkpt lat="46.3342659" lon="13.7415919">
<ele>2076.66</ele>
<time>2026-07-25T13:56:17.155Z</time>
<extensions>
<gpxtpx:TrackPointExtension>
<gpxtpx:hr>143</gpxtpx:hr>
</gpxtpx:TrackPointExtension>
</extensions>
</trkpt>
<trkpt lat="46.3342137" lon="13.7418437">
<ele>2084.89</ele>
<time>2026-07-25T13:56:46.232Z</time>
<extensions>
<gpxtpx:TrackPointExtension>
<gpxtpx:hr>149</gpxtpx:hr>
</gpxtpx:TrackPointExtension>
</extensions>
</trkpt>
<trkpt lat="46.3342357" lon="13.7421067">
<ele>2092.09</ele>
<time>2026-07-25T13:57:09.723Z</time>
<extensions>
<gpxtpx:TrackPointExtension>
<gpxtpx:hr>152</gpxtpx:hr>
</gpxtpx:TrackPointExtension>
</extensions>
</trkpt>
<trkpt lat="46.3342283" lon="13.7423708">
<ele>2100.21</ele>
<time>2026-07-25T13:57:30.760Z</time>
<extensions>
<gpxtpx:TrackPointExtension>
<gpxtpx:hr>146</gpxtpx:hr>
</gpxtpx:TrackPointExtension>
</extensions>
</trkpt>
<trkpt lat="46.3342880" lon="13.7426310">
<ele>2112.60</ele>
<time>2026-07-25T13:57:59.142Z</time>
<extensions>
<gpxtpx:TrackPointExtension>
<gpxtpx:hr>136</gpxtpx:hr>
</gpxtpx:TrackPointExtension>
</extensions>
</trkpt>
<trkpt lat="46.3343584" lon="13.7428712">
<ele>2128.16</ele>
<time>2026-07-25T13:58:26.602Z</time>
<extensions>
<gpxtpx:TrackPointExtension>
<gpxtpx:hr>141</gpxtpx:hr>
</gpxtpx:TrackPointExtension>
</extensions>
</trkpt>
<trkpt lat="46.3344832" lon="13.7430627">
<ele>2135.35</ele>
<time>2026-07-25T13:58:52.881Z</time>
<extensions>
<gpxtpx:TrackPointExtension>
<gpxtpx:hr>150</gpxtpx:hr>
</gpxtpx:TrackPointExtension>
</extensions>
</trkpt>
<trkpt lat="46.3348137" lon="13.7433835">
<ele>2133.44</ele>
<time>2026-07-25T14:00:15.205Z</time>
<extensions>
<gpxtpx:TrackPointExtension>
<gpxtpx:hr>133</gpxtpx:hr>
</gpxtpx:TrackPointExtension>
</extensions>
</trkpt>
<trkpt lat="46.3349461" lon="13.7435660">
<ele>2136.25</ele>
<time>2026-07-25T14:00:41.681Z</time>
<extensions>
<gpxtpx:TrackPointExtension>
<gpxtpx:hr>145</gpxtpx:hr>
</gpxtpx:TrackPointExtension>
</extensions>
</trkpt>
<trkpt lat="46.3350799" lon="13.7437547">
<ele>2146.96</ele>
<time>2026-07-25T14:01:32.102Z</time>
<extensions>
<gpxtpx:TrackPointExtension>
<gpxtpx:hr>135</gpxtpx:hr>
</gpxtpx:TrackPointExtension>
</extensions>
</trkpt>
<trkpt lat="46.3353896" lon="13.7438123">
<ele>2154.67</ele>
<time>2026-07-25T14:02:58.522Z</time>
<extensions>
<gpxtpx:TrackPointExtension>
<gpxtpx:hr>131</gpxtpx:hr>
</gpxtpx:TrackPointExtension>
</extensions>
</trkpt>
<trkpt lat="46.3355092" lon="13.7440105">
<ele>2166.83</ele>
<time>2026-07-25T14:03:47.192Z</time>
<extensions>
<gpxtpx:TrackPointExtension>
<gpxtpx:hr>138</gpxtpx:hr>
</gpxtpx:TrackPointExtension>
</extensions>
</trkpt>
<trkpt lat="46.3353427" lon="13.7441255">
<ele>2172.41</ele>
<time>2026-07-25T14:04:19.222Z</time>
<extensions>
<gpxtpx:TrackPointExtension>
<gpxtpx:hr>136</gpxtpx:hr>
</gpxtpx:TrackPointExtension>
</extensions>
</trkpt>
<trkpt lat="46.3352022" lon="13.7443093">
<ele>2172.13</ele>
<time>2026-07-25T14:05:10.196Z</time>
<extensions>
<gpxtpx:TrackPointExtension>
<gpxtpx:hr>144</gpxtpx:hr>
</gpxtpx:TrackPointExtension>
</extensions>
</trkpt>
<trkpt lat="46.3353235" lon="13.7445077">
<ele>2169.21</ele>
<time>2026-07-25T14:06:03.116Z</time>
<extensions>
<gpxtpx:TrackPointExtension>
<gpxtpx:hr>136</gpxtpx:hr>
</gpxtpx:TrackPointExtension>
</extensions>
</trkpt>
<trkpt lat="46.3355031" lon="13.7444733">
<ele>2170.28</ele>
<time>2026-07-25T14:06:46.684Z</time>
<extensions>
<gpxtpx:TrackPointExtension>
<gpxtpx:hr>136</gpxtpx:hr>
</gpxtpx:TrackPointExtension>
</extensions>
</trkpt>
<trkpt lat="46.3356785" lon="13.7445526">
<ele>2169.52</ele>
<time>2026-07-25T14:07:27.224Z</time>
<extensions>
<gpxtpx:TrackPointExtension>
<gpxtpx:hr>129</gpxtpx:hr>
</gpxtpx:TrackPointExtension>
</extensions>
</trkpt>
<trkpt lat="46.3358537" lon="13.7444930">
<ele>2171.87</ele>
<time>2026-07-25T14:08:15.860Z</time>
<extensions>
<gpxtpx:TrackPointExtension>
<gpxtpx:hr>136</gpxtpx:hr>
</gpxtpx:TrackPointExtension>
</extensions>
</trkpt>
<trkpt lat="46.3360345" lon="13.7444602">
<ele>2180.85</ele>
<time>2026-07-25T14:08:50.005Z</time>
<extensions>
<gpxtpx:TrackPointExtension>
<gpxtpx:hr>149</gpxtpx:hr>
</gpxtpx:TrackPointExtension>
</extensions>
</trkpt>
<trkpt lat="46.3362185" lon="13.7444044">
<ele>2190.25</ele>
<time>2026-07-25T14:09:25.025Z</time>
<extensions>
<gpxtpx:TrackPointExtension>
<gpxtpx:hr>147</gpxtpx:hr>
</gpxtpx:TrackPointExtension>
</extensions>
</trkpt>
<trkpt lat="46.3363998" lon="13.7444307">
<ele>2198.36</ele>
<time>2026-07-25T14:10:01.146Z</time>
<extensions>
<gpxtpx:TrackPointExtension>
<gpxtpx:hr>140</gpxtpx:hr>
</gpxtpx:TrackPointExtension>
</extensions>
</trkpt>
<trkpt lat="46.3365794" lon="13.7444568">
<ele>2206.43</ele>
<time>2026-07-25T14:10:33.102Z</time>
<extensions>
<gpxtpx:TrackPointExtension>
<gpxtpx:hr>142</gpxtpx:hr>
</gpxtpx:TrackPointExtension>
</extensions>
</trkpt>
<trkpt lat="46.3367620" lon="13.7445130">
<ele>2211.98</ele>
<time>2026-07-25T14:11:11.185Z</time>
<extensions>
<gpxtpx:TrackPointExtension>
<gpxtpx:hr>143</gpxtpx:hr>
</gpxtpx:TrackPointExtension>
</extensions>
</trkpt>
<trkpt lat="46.3369348" lon="13.7445967">
<ele>2214.97</ele>
<time>2026-07-25T14:11:54.222Z</time>
<extensions>
<gpxtpx:TrackPointExtension>
<gpxtpx:hr>136</gpxtpx:hr>
</gpxtpx:TrackPointExtension>
</extensions>
</trkpt>
<trkpt lat="46.3371133" lon="13.7445498">
<ele>2219.50</ele>
<time>2026-07-25T14:12:27.601Z</time>
<extensions>
<gpxtpx:TrackPointExtension>
<gpxtpx:hr>135</gpxtpx:hr>
</gpxtpx:TrackPointExtension>
</extensions>
</trkpt>
<trkpt lat="46.3372414" lon="13.7443510">
<ele>2224.12</ele>
<time>2026-07-25T14:12:55.180Z</time>
<extensions>
<gpxtpx:TrackPointExtension>
<gpxtpx:hr>133</gpxtpx:hr>
</gpxtpx:TrackPointExtension>
</extensions>
</trkpt>
<trkpt lat="46.3373722" lon="13.7441695">
<ele>2228.37</ele>
<time>2026-07-25T14:13:29.041Z</time>
<extensions>
<gpxtpx:TrackPointExtension>
<gpxtpx:hr>135</gpxtpx:hr>
</gpxtpx:TrackPointExtension>
</extensions>
</trkpt>
<trkpt lat="46.3374821" lon="13.7439617">
<ele>2230.52</ele>
<time>2026-07-25T14:13:57.641Z</time>
<extensions>
<gpxtpx:TrackPointExtension>
<gpxtpx:hr>142</gpxtpx:hr>
</gpxtpx:TrackPointExtension>
</extensions>
</trkpt>
<trkpt lat="46.3375163" lon="13.7437043">
<ele>2228.86</ele>
<time>2026-07-25T14:14:30.156Z</time>
<extensions>
<gpxtpx:TrackPointExtension>
<gpxtpx:hr>142</gpxtpx:hr>
</gpxtpx:TrackPointExtension>
</extensions>
</trkpt>
<trkpt lat="46.3374992" lon="13.7435901">
<ele>2230.97</ele>
<time>2026-07-25T14:17:17.114Z</time>
<extensions>
<gpxtpx:TrackPointExtension>
<gpxtpx:hr>104</gpxtpx:hr>
</gpxtpx:TrackPointExtension>
</extensions>
</trkpt>
<trkpt lat="46.3374871" lon="13.7438532">
<ele>2230.61</ele>
<time>2026-07-25T14:17:52.581Z</time>
<extensions>
<gpxtpx:TrackPointExtension>
<gpxtpx:hr>101</gpxtpx:hr>
</gpxtpx:TrackPointExtension>
</extensions>
</trkpt>
<trkpt lat="46.3373921" lon="13.7440771">
<ele>2228.49</ele>
<time>2026-07-25T14:18:39.112Z</time>
<extensions>
<gpxtpx:TrackPointExtension>
<gpxtpx:hr>113</gpxtpx:hr>
</gpxtpx:TrackPointExtension>
</extensions>
</trkpt>
<trkpt lat="46.3373251" lon="13.7443212">
<ele>2226.16</ele>
<time>2026-07-25T14:19:09.642Z</time>
<extensions>
<gpxtpx:TrackPointExtension>
<gpxtpx:hr>115</gpxtpx:hr>
</gpxtpx:TrackPointExtension>
</extensions>
</trkpt>
<trkpt lat="46.3371940" lon="13.7445125">
<ele>2221.66</ele>
<time>2026-07-25T14:19:46.202Z</time>
<extensions>
<gpxtpx:TrackPointExtension>
<gpxtpx:hr>117</gpxtpx:hr>
</gpxtpx:TrackPointExtension>
</extensions>
</trkpt>
<trkpt lat="46.3372145" lon="13.7447733">
<ele>2219.81</ele>
<time>2026-07-25T14:20:13.220Z</time>
<extensions>
<gpxtpx:TrackPointExtension>
<gpxtpx:hr>115</gpxtpx:hr>
</gpxtpx:TrackPointExtension>
</extensions>
</trkpt>
<trkpt lat="46.3372788" lon="13.7450204">
<ele>2219.27</ele>
<time>2026-07-25T14:20:44.166Z</time>
<extensions>
<gpxtpx:TrackPointExtension>
<gpxtpx:hr>107</gpxtpx:hr>
</gpxtpx:TrackPointExtension>
</extensions>
</trkpt>
<trkpt lat="46.3373810" lon="13.7452439">
<ele>2220.87</ele>
<time>2026-07-25T14:21:12.024Z</time>
<extensions>
<gpxtpx:TrackPointExtension>
<gpxtpx:hr>106</gpxtpx:hr>
</gpxtpx:TrackPointExtension>
</extensions>
</trkpt>
<trkpt lat="46.3374320" lon="13.7454949">
<ele>2221.72</ele>
<time>2026-07-25T14:22:02.042Z</time>
<extensions>
<gpxtpx:TrackPointExtension>
<gpxtpx:hr>117</gpxtpx:hr>
</gpxtpx:TrackPointExtension>
</extensions>
</trkpt>
<trkpt lat="46.3374581" lon="13.7457582">
<ele>2222.12</ele>
<time>2026-07-25T14:22:26.002Z</time>
<extensions>
<gpxtpx:TrackPointExtension>
<gpxtpx:hr>116</gpxtpx:hr>
</gpxtpx:TrackPointExtension>
</extensions>
</trkpt>
<trkpt lat="46.3375201" lon="13.7460131">
<ele>2222.50</ele>
<time>2026-07-25T14:22:54.181Z</time>
<extensions>
<gpxtpx:TrackPointExtension>
<gpxtpx:hr>112</gpxtpx:hr>
</gpxtpx:TrackPointExtension>
</extensions>
</trkpt>
<trkpt lat="46.3375852" lon="13.7462573">
<ele>2218.05</ele>
<time>2026-07-25T14:23:20.207Z</time>
<extensions>
<gpxtpx:TrackPointExtension>
<gpxtpx:hr>106</gpxtpx:hr>
</gpxtpx:TrackPointExtension>
</extensions>
</trkpt>
<trkpt lat="46.3376612" lon="13.7464968">
<ele>2214.69</ele>
<time>2026-07-25T14:23:43.144Z</time>
<extensions>
<gpxtpx:TrackPointExtension>
<gpxtpx:hr>113</gpxtpx:hr>
</gpxtpx:TrackPointExtension>
</extensions>
</trkpt>
<trkpt lat="46.3377323" lon="13.7467441">
<ele>2214.49</ele>
<time>2026-07-25T14:24:28.304Z</time>
<extensions>
<gpxtpx:TrackPointExtension>
<gpxtpx:hr>92</gpxtpx:hr>
</gpxtpx:TrackPointExtension>
</extensions>
</trkpt>
<trkpt lat="46.3378041" lon="13.7469857">
<ele>2217.13</ele>
<time>2026-07-25T14:25:02.564Z</time>
<extensions>
<gpxtpx:TrackPointExtension>
<gpxtpx:hr>93</gpxtpx:hr>
</gpxtpx:TrackPointExtension>
</extensions>
</trkpt>
<trkpt lat="46.3377964" lon="13.7472515">
<ele>2224.59</ele>
<time>2026-07-25T14:26:26.138Z</time>
<extensions>
<gpxtpx:TrackPointExtension>
<gpxtpx:hr>92</gpxtpx:hr>
</gpxtpx:TrackPointExtension>
</extensions>
</trkpt>
<trkpt lat="46.3378712" lon="13.7474950">
<ele>2229.39</ele>
<time>2026-07-25T14:27:00.004Z</time>
<extensions>
<gpxtpx:TrackPointExtension>
<gpxtpx:hr>92</gpxtpx:hr>
</gpxtpx:TrackPointExtension>
</extensions>
</trkpt>
<trkpt lat="46.3379081" lon="13.7477566">
<ele>2236.76</ele>
<time>2026-07-25T14:28:45.046Z</time>
<extensions>
<gpxtpx:TrackPointExtension>
<gpxtpx:hr>114</gpxtpx:hr>
</gpxtpx:TrackPointExtension>
</extensions>
</trkpt>
<trkpt lat="46.3378000" lon="13.7480567">
<ele>2246.15</ele>
<time>2026-07-25T14:30:31.107Z</time>
<extensions>
<gpxtpx:TrackPointExtension>
<gpxtpx:hr>95</gpxtpx:hr>
</gpxtpx:TrackPointExtension>
</extensions>
</trkpt>
<trkpt lat="46.3376517" lon="13.7482450">
<ele>2249.99</ele>
<time>2026-07-25T14:32:28.107Z</time>
<extensions>
<gpxtpx:TrackPointExtension>
<gpxtpx:hr>99</gpxtpx:hr>
</gpxtpx:TrackPointExtension>
</extensions>
</trkpt>
<trkpt lat="46.3375738" lon="13.7484901">
<ele>2254.04</ele>
<time>2026-07-25T14:33:57.222Z</time>
<extensions>
<gpxtpx:TrackPointExtension>
<gpxtpx:hr>86</gpxtpx:hr>
</gpxtpx:TrackPointExtension>
</extensions>
</trkpt>
<trkpt lat="46.3374581" lon="13.7487189">
<ele>2253.72</ele>
<time>2026-07-25T14:35:27.163Z</time>
<extensions>
<gpxtpx:TrackPointExtension>
<gpxtpx:hr>99</gpxtpx:hr>
</gpxtpx:TrackPointExtension>
</extensions>
</trkpt>
<trkpt lat="46.3373100" lon="13.7489200">
<ele>2245.97</ele>
<time>2026-07-25T14:37:09.108Z</time>
<extensions>
<gpxtpx:TrackPointExtension>
<gpxtpx:hr>100</gpxtpx:hr>
</gpxtpx:TrackPointExtension>
</extensions>
</trkpt>
<trkpt lat="46.3373313" lon="13.7491838">
<ele>2252.83</ele>
<time>2026-07-25T14:37:50.005Z</time>
<extensions>
<gpxtpx:TrackPointExtension>
<gpxtpx:hr>102</gpxtpx:hr>
</gpxtpx:TrackPointExtension>
</extensions>
</trkpt>
<trkpt lat="46.3372248" lon="13.7493947">
<ele>2254.35</ele>
<time>2026-07-25T14:39:05.163Z</time>
<extensions>
<gpxtpx:TrackPointExtension>
<gpxtpx:hr>120</gpxtpx:hr>
</gpxtpx:TrackPointExtension>
</extensions>
</trkpt>
<trkpt lat="46.3370813" lon="13.7495759">
<ele>2251.75</ele>
<time>2026-07-25T14:42:55.134Z</time>
<extensions>
<gpxtpx:TrackPointExtension>
<gpxtpx:hr>97</gpxtpx:hr>
</gpxtpx:TrackPointExtension>
</extensions>
</trkpt>
<trkpt lat="46.3369317" lon="13.7497250">
<ele>2247.27</ele>
<time>2026-07-25T14:44:35.109Z</time>
<extensions>
<gpxtpx:TrackPointExtension>
<gpxtpx:hr>100</gpxtpx:hr>
</gpxtpx:TrackPointExtension>
</extensions>
</trkpt>
<trkpt lat="46.3366900" lon="13.7502050">
<ele>2245.42</ele>
<time>2026-07-25T14:48:10.109Z</time>
<extensions>
<gpxtpx:TrackPointExtension>
<gpxtpx:hr>90</gpxtpx:hr>
</gpxtpx:TrackPointExtension>
</extensions>
</trkpt>
<trkpt lat="46.3365417" lon="13.7503667">
<ele>2237.90</ele>
<time>2026-07-25T14:49:36.109Z</time>
<extensions>
<gpxtpx:TrackPointExtension>
<gpxtpx:hr>91</gpxtpx:hr>
</gpxtpx:TrackPointExtension>
</extensions>
</trkpt>
<trkpt lat="46.3364243" lon="13.7505688">
<ele>2233.99</ele>
<time>2026-07-25T14:50:49.157Z</time>
<extensions>
<gpxtpx:TrackPointExtension>
<gpxtpx:hr>98</gpxtpx:hr>
</gpxtpx:TrackPointExtension>
</extensions>
</trkpt>
<trkpt lat="46.3365902" lon="13.7506703">
<ele>2247.04</ele>
<time>2026-07-25T14:51:51.216Z</time>
<extensions>
<gpxtpx:TrackPointExtension>
<gpxtpx:hr>98</gpxtpx:hr>
</gpxtpx:TrackPointExtension>
</extensions>
</trkpt>
<trkpt lat="46.3367604" lon="13.7505853">
<ele>2257.23</ele>
<time>2026-07-25T14:52:53.721Z</time>
<extensions>
<gpxtpx:TrackPointExtension>
<gpxtpx:hr>114</gpxtpx:hr>
</gpxtpx:TrackPointExtension>
</extensions>
</trkpt>
<trkpt lat="46.3369434" lon="13.7505564">
<ele>2269.83</ele>
<time>2026-07-25T14:53:56.679Z</time>
<extensions>
<gpxtpx:TrackPointExtension>
<gpxtpx:hr>107</gpxtpx:hr>
</gpxtpx:TrackPointExtension>
</extensions>
</trkpt>
<trkpt lat="46.3371241" lon="13.7505711">
<ele>2282.98</ele>
<time>2026-07-25T14:54:46.167Z</time>
<extensions>
<gpxtpx:TrackPointExtension>
<gpxtpx:hr>117</gpxtpx:hr>
</gpxtpx:TrackPointExtension>
</extensions>
</trkpt>
<trkpt lat="46.3373048" lon="13.7505856">
<ele>2296.09</ele>
<time>2026-07-25T14:55:39.185Z</time>
<extensions>
<gpxtpx:TrackPointExtension>
<gpxtpx:hr>139</gpxtpx:hr>
</gpxtpx:TrackPointExtension>
</extensions>
</trkpt>
<trkpt lat="46.3374845" lon="13.7505439">
<ele>2308.42</ele>
<time>2026-07-25T14:56:29.187Z</time>
<extensions>
<gpxtpx:TrackPointExtension>
<gpxtpx:hr>147</gpxtpx:hr>
</gpxtpx:TrackPointExtension>
</extensions>
</trkpt>
<trkpt lat="46.3375958" lon="13.7507506">
<ele>2312.05</ele>
<time>2026-07-25T14:57:25.540Z</time>
<extensions>
<gpxtpx:TrackPointExtension>
<gpxtpx:hr>147</gpxtpx:hr>
</gpxtpx:TrackPointExtension>
</extensions>
</trkpt>
<trkpt lat="46.3377604" lon="13.7506283">
<ele>2311.76</ele>
<time>2026-07-25T14:58:46.501Z</time>
<extensions>
<gpxtpx:TrackPointExtension>
<gpxtpx:hr>134</gpxtpx:hr>
</gpxtpx:TrackPointExtension>
</extensions>
</trkpt>
<trkpt lat="46.3375804" lon="13.7506637">
<ele>2311.24</ele>
<time>2026-07-25T15:05:16.837Z</time>
<extensions>
<gpxtpx:TrackPointExtension>
<gpxtpx:hr>103</gpxtpx:hr>
</gpxtpx:TrackPointExtension>
</extensions>
</trkpt>
<trkpt lat="46.3374088" lon="13.7505786">
<ele>2303.43</ele>
<time>2026-07-25T15:06:49.781Z</time>
<extensions>
<gpxtpx:TrackPointExtension>
<gpxtpx:hr>110</gpxtpx:hr>
</gpxtpx:TrackPointExtension>
</extensions>
</trkpt>
<trkpt lat="46.3372304" lon="13.7505157">
<ele>2289.81</ele>
<time>2026-07-25T15:07:32.196Z</time>
<extensions>
<gpxtpx:TrackPointExtension>
<gpxtpx:hr>107</gpxtpx:hr>
</gpxtpx:TrackPointExtension>
</extensions>
</trkpt>
<trkpt lat="46.3370333" lon="13.7505883">
<ele>2276.75</ele>
<time>2026-07-25T15:08:36.111Z</time>
<extensions>
<gpxtpx:TrackPointExtension>
<gpxtpx:hr>99</gpxtpx:hr>
</gpxtpx:TrackPointExtension>
</extensions>
</trkpt>
<trkpt lat="46.3368387" lon="13.7506169">
<ele>2263.35</ele>
<time>2026-07-25T15:10:19.197Z</time>
<extensions>
<gpxtpx:TrackPointExtension>
<gpxtpx:hr>102</gpxtpx:hr>
</gpxtpx:TrackPointExtension>
</extensions>
</trkpt>
<trkpt lat="46.3366610" lon="13.7505754">
<ele>2249.98</ele>
<time>2026-07-25T15:11:20.162Z</time>
<extensions>
<gpxtpx:TrackPointExtension>
<gpxtpx:hr>92</gpxtpx:hr>
</gpxtpx:TrackPointExtension>
</extensions>
</trkpt>
<trkpt lat="46.3364881" lon="13.7506568">
<ele>2240.06</ele>
<time>2026-07-25T15:14:59.138Z</time>
<extensions>
<gpxtpx:TrackPointExtension>
<gpxtpx:hr>109</gpxtpx:hr>
</gpxtpx:TrackPointExtension>
</extensions>
</trkpt>
<trkpt lat="46.3363625" lon="13.7503362">
<ele>2224.75</ele>
<time>2026-07-25T15:17:44.101Z</time>
<extensions>
<gpxtpx:TrackPointExtension>
<gpxtpx:hr>119</gpxtpx:hr>
</gpxtpx:TrackPointExtension>
</extensions>
</trkpt>
<trkpt lat="46.3367367" lon="13.7498467">
<ele>2238.14</ele>
<time>2026-07-25T15:21:16.112Z</time>
<extensions>
<gpxtpx:TrackPointExtension>
<gpxtpx:hr>120</gpxtpx:hr>
</gpxtpx:TrackPointExtension>
</extensions>
</trkpt>
<trkpt lat="46.3369100" lon="13.7497517">
<ele>2246.86</ele>
<time>2026-07-25T15:23:48.113Z</time>
<extensions>
<gpxtpx:TrackPointExtension>
<gpxtpx:hr>116</gpxtpx:hr>
</gpxtpx:TrackPointExtension>
</extensions>
</trkpt>
<trkpt lat="46.3370218" lon="13.7495454">
<ele>2245.81</ele>
<time>2026-07-25T15:24:46.702Z</time>
<extensions>
<gpxtpx:TrackPointExtension>
<gpxtpx:hr>104</gpxtpx:hr>
</gpxtpx:TrackPointExtension>
</extensions>
</trkpt>
<trkpt lat="46.3370866" lon="13.7493014">
<ele>2239.48</ele>
<time>2026-07-25T15:25:12.164Z</time>
<extensions>
<gpxtpx:TrackPointExtension>
<gpxtpx:hr>106</gpxtpx:hr>
</gpxtpx:TrackPointExtension>
</extensions>
</trkpt>
<trkpt lat="46.3370802" lon="13.7490325">
<ele>2230.34</ele>
<time>2026-07-25T15:25:39.599Z</time>
<extensions>
<gpxtpx:TrackPointExtension>
<gpxtpx:hr>100</gpxtpx:hr>
</gpxtpx:TrackPointExtension>
</extensions>
</trkpt>
<trkpt lat="46.3371765" lon="13.7488100">
<ele>2233.74</ele>
<time>2026-07-25T15:26:23.081Z</time>
<extensions>
<gpxtpx:TrackPointExtension>
<gpxtpx:hr>121</gpxtpx:hr>
</gpxtpx:TrackPointExtension>
</extensions>
</trkpt>
<trkpt lat="46.3372614" lon="13.7485767">
<ele>2236.06</ele>
<time>2026-07-25T15:27:39.541Z</time>
<extensions>
<gpxtpx:TrackPointExtension>
<gpxtpx:hr>117</gpxtpx:hr>
</gpxtpx:TrackPointExtension>
</extensions>
</trkpt>
<trkpt lat="46.3374085" lon="13.7484165">
<ele>2244.47</ele>
<time>2026-07-25T15:28:31.720Z</time>
<extensions>
<gpxtpx:TrackPointExtension>
<gpxtpx:hr>128</gpxtpx:hr>
</gpxtpx:TrackPointExtension>
</extensions>
</trkpt>
<trkpt lat="46.3375244" lon="13.7482099">
<ele>2248.39</ele>
<time>2026-07-25T15:29:21.740Z</time>
<extensions>
<gpxtpx:TrackPointExtension>
<gpxtpx:hr>135</gpxtpx:hr>
</gpxtpx:TrackPointExtension>
</extensions>
</trkpt>
<trkpt lat="46.3376070" lon="13.7479520">
<ele>2244.09</ele>
<time>2026-07-25T15:30:22.238Z</time>
<extensions>
<gpxtpx:TrackPointExtension>
<gpxtpx:hr>141</gpxtpx:hr>
</gpxtpx:TrackPointExtension>
</extensions>
</trkpt>
<trkpt lat="46.3377233" lon="13.7476767">
<ele>2237.10</ele>
<time>2026-07-25T15:31:36.113Z</time>
<extensions>
<gpxtpx:TrackPointExtension>
<gpxtpx:hr>141</gpxtpx:hr>
</gpxtpx:TrackPointExtension>
</extensions>
</trkpt>
<trkpt lat="46.3376517" lon="13.7474367">
<ele>2233.23</ele>
<time>2026-07-25T15:32:29.113Z</time>
<extensions>
<gpxtpx:TrackPointExtension>
<gpxtpx:hr>113</gpxtpx:hr>
</gpxtpx:TrackPointExtension>
</extensions>
</trkpt>
<trkpt lat="46.3377140" lon="13.7471870">
<ele>2225.82</ele>
<time>2026-07-25T15:33:02.196Z</time>
<extensions>
<gpxtpx:TrackPointExtension>
<gpxtpx:hr>116</gpxtpx:hr>
</gpxtpx:TrackPointExtension>
</extensions>
</trkpt>
<trkpt lat="46.3377629" lon="13.7469281">
<ele>2217.49</ele>
<time>2026-07-25T15:33:43.237Z</time>
<extensions>
<gpxtpx:TrackPointExtension>
<gpxtpx:hr>127</gpxtpx:hr>
</gpxtpx:TrackPointExtension>
</extensions>
</trkpt>
<trkpt lat="46.3376864" lon="13.7466898">
<ele>2215.78</ele>
<time>2026-07-25T15:34:19.158Z</time>
<extensions>
<gpxtpx:TrackPointExtension>
<gpxtpx:hr>140</gpxtpx:hr>
</gpxtpx:TrackPointExtension>
</extensions>
</trkpt>
<trkpt lat="46.3376304" lon="13.7464369">
<ele>2216.17</ele>
<time>2026-07-25T15:34:53.639Z</time>
<extensions>
<gpxtpx:TrackPointExtension>
<gpxtpx:hr>127</gpxtpx:hr>
</gpxtpx:TrackPointExtension>
</extensions>
</trkpt>
<trkpt lat="46.3375463" lon="13.7462057">
<ele>2220.97</ele>
<time>2026-07-25T15:35:26.980Z</time>
<extensions>
<gpxtpx:TrackPointExtension>
<gpxtpx:hr>123</gpxtpx:hr>
</gpxtpx:TrackPointExtension>
</extensions>
</trkpt>
<trkpt lat="46.3374766" lon="13.7459634">
<ele>2223.11</ele>
<time>2026-07-25T15:35:49.841Z</time>
<extensions>
<gpxtpx:TrackPointExtension>
<gpxtpx:hr>119</gpxtpx:hr>
</gpxtpx:TrackPointExtension>
</extensions>
</trkpt>
<trkpt lat="46.3374213" lon="13.7457108">
<ele>2220.55</ele>
<time>2026-07-25T15:36:18.820Z</time>
<extensions>
<gpxtpx:TrackPointExtension>
<gpxtpx:hr>113</gpxtpx:hr>
</gpxtpx:TrackPointExtension>
</extensions>
</trkpt>
<trkpt lat="46.3373704" lon="13.7454578">
<ele>2219.48</ele>
<time>2026-07-25T15:36:50.217Z</time>
<extensions>
<gpxtpx:TrackPointExtension>
<gpxtpx:hr>110</gpxtpx:hr>
</gpxtpx:TrackPointExtension>
</extensions>
</trkpt>
<trkpt lat="46.3373072" lon="13.7452096">
<ele>2218.73</ele>
<time>2026-07-25T15:37:17.118Z</time>
<extensions>
<gpxtpx:TrackPointExtension>
<gpxtpx:hr>113</gpxtpx:hr>
</gpxtpx:TrackPointExtension>
</extensions>
</trkpt>
<trkpt lat="46.3372466" lon="13.7449578">
<ele>2218.98</ele>
<time>2026-07-25T15:37:40.201Z</time>
<extensions>
<gpxtpx:TrackPointExtension>
<gpxtpx:hr>114</gpxtpx:hr>
</gpxtpx:TrackPointExtension>
</extensions>
</trkpt>
<trkpt lat="46.3371393" lon="13.7447460">
<ele>2218.27</ele>
<time>2026-07-25T15:38:05.839Z</time>
<extensions>
<gpxtpx:TrackPointExtension>
<gpxtpx:hr>114</gpxtpx:hr>
</gpxtpx:TrackPointExtension>
</extensions>
</trkpt>
<trkpt lat="46.3369831" lon="13.7446163">
<ele>2215.88</ele>
<time>2026-07-25T15:38:40.481Z</time>
<extensions>
<gpxtpx:TrackPointExtension>
<gpxtpx:hr>106</gpxtpx:hr>
</gpxtpx:TrackPointExtension>
</extensions>
</trkpt>
<trkpt lat="46.3368167" lon="13.7445172">
<ele>2213.16</ele>
<time>2026-07-25T15:39:10.681Z</time>
<extensions>
<gpxtpx:TrackPointExtension>
<gpxtpx:hr>108</gpxtpx:hr>
</gpxtpx:TrackPointExtension>
</extensions>
</trkpt>
<trkpt lat="46.3366419" lon="13.7444389">
<ele>2209.57</ele>
<time>2026-07-25T15:39:53.878Z</time>
<extensions>
<gpxtpx:TrackPointExtension>
<gpxtpx:hr>104</gpxtpx:hr>
</gpxtpx:TrackPointExtension>
</extensions>
</trkpt>
<trkpt lat="46.3364605" lon="13.7444025">
<ele>2201.56</ele>
<time>2026-07-25T15:40:31.859Z</time>
<extensions>
<gpxtpx:TrackPointExtension>
<gpxtpx:hr>103</gpxtpx:hr>
</gpxtpx:TrackPointExtension>
</extensions>
</trkpt>
<trkpt lat="46.3362711" lon="13.7444321">
<ele>2192.32</ele>
<time>2026-07-25T15:41:22.500Z</time>
<extensions>
<gpxtpx:TrackPointExtension>
<gpxtpx:hr>107</gpxtpx:hr>
</gpxtpx:TrackPointExtension>
</extensions>
</trkpt>
<trkpt lat="46.3360898" lon="13.7444372">
<ele>2183.77</ele>
<time>2026-07-25T15:41:50.079Z</time>
<extensions>
<gpxtpx:TrackPointExtension>
<gpxtpx:hr>111</gpxtpx:hr>
</gpxtpx:TrackPointExtension>
</extensions>
</trkpt>
<trkpt lat="46.3359053" lon="13.7444625">
<ele>2174.76</ele>
<time>2026-07-25T15:42:28.739Z</time>
<extensions>
<gpxtpx:TrackPointExtension>
<gpxtpx:hr>118</gpxtpx:hr>
</gpxtpx:TrackPointExtension>
</extensions>
</trkpt>
<trkpt lat="46.3357246" lon="13.7445190">
<ele>2170.19</ele>
<time>2026-07-25T15:43:05.860Z</time>
<extensions>
<gpxtpx:TrackPointExtension>
<gpxtpx:hr>128</gpxtpx:hr>
</gpxtpx:TrackPointExtension>
</extensions>
</trkpt>
<trkpt lat="46.3355383" lon="13.7444966">
<ele>2170.00</ele>
<time>2026-07-25T15:44:17.223Z</time>
<extensions>
<gpxtpx:TrackPointExtension>
<gpxtpx:hr>118</gpxtpx:hr>
</gpxtpx:TrackPointExtension>
</extensions>
</trkpt>
<trkpt lat="46.3353570" lon="13.7444646">
<ele>2170.00</ele>
<time>2026-07-25T15:44:52.040Z</time>
<extensions>
<gpxtpx:TrackPointExtension>
<gpxtpx:hr>119</gpxtpx:hr>
</gpxtpx:TrackPointExtension>
</extensions>
</trkpt>
<trkpt lat="46.3351833" lon="13.7443950">
<ele>2170.66</ele>
<time>2026-07-25T15:45:39.780Z</time>
<extensions>
<gpxtpx:TrackPointExtension>
<gpxtpx:hr>107</gpxtpx:hr>
</gpxtpx:TrackPointExtension>
</extensions>
</trkpt>
<trkpt lat="46.3350570" lon="13.7442013">
<ele>2173.56</ele>
<time>2026-07-25T15:46:23.640Z</time>
<extensions>
<gpxtpx:TrackPointExtension>
<gpxtpx:hr>106</gpxtpx:hr>
</gpxtpx:TrackPointExtension>
</extensions>
</trkpt>
<trkpt lat="46.3348581" lon="13.7441177">
<ele>2176.06</ele>
<time>2026-07-25T15:48:28.211Z</time>
<extensions>
<gpxtpx:TrackPointExtension>
<gpxtpx:hr>101</gpxtpx:hr>
</gpxtpx:TrackPointExtension>
</extensions>
</trkpt>
<trkpt lat="46.3347777" lon="13.7438801">
<ele>2165.15</ele>
<time>2026-07-25T15:48:59.838Z</time>
<extensions>
<gpxtpx:TrackPointExtension>
<gpxtpx:hr>109</gpxtpx:hr>
</gpxtpx:TrackPointExtension>
</extensions>
</trkpt>
<trkpt lat="46.3345966" lon="13.7438318">
<ele>2171.45</ele>
<time>2026-07-25T15:49:23.760Z</time>
<extensions>
<gpxtpx:TrackPointExtension>
<gpxtpx:hr>119</gpxtpx:hr>
</gpxtpx:TrackPointExtension>
</extensions>
</trkpt>
<trkpt lat="46.3345116" lon="13.7436002">
<ele>2164.79</ele>
<time>2026-07-25T15:49:53.098Z</time>
<extensions>
<gpxtpx:TrackPointExtension>
<gpxtpx:hr>126</gpxtpx:hr>
</gpxtpx:TrackPointExtension>
</extensions>
</trkpt>
<trkpt lat="46.3344661" lon="13.7433450">
<ele>2155.97</ele>
<time>2026-07-25T15:50:20.173Z</time>
<extensions>
<gpxtpx:TrackPointExtension>
<gpxtpx:hr>130</gpxtpx:hr>
</gpxtpx:TrackPointExtension>
</extensions>
</trkpt>
<trkpt lat="46.3344250" lon="13.7430867">
<ele>2140.51</ele>
<time>2026-07-25T15:50:54.116Z</time>
<extensions>
<gpxtpx:TrackPointExtension>
<gpxtpx:hr>139</gpxtpx:hr>
</gpxtpx:TrackPointExtension>
</extensions>
</trkpt>
<trkpt lat="46.3343135" lon="13.7428743">
<ele>2130.62</ele>
<time>2026-07-25T15:51:23.718Z</time>
<extensions>
<gpxtpx:TrackPointExtension>
<gpxtpx:hr>134</gpxtpx:hr>
</gpxtpx:TrackPointExtension>
</extensions>
</trkpt>
<trkpt lat="46.3342897" lon="13.7426129">
<ele>2111.10</ele>
<time>2026-07-25T15:51:48.520Z</time>
<extensions>
<gpxtpx:TrackPointExtension>
<gpxtpx:hr>137</gpxtpx:hr>
</gpxtpx:TrackPointExtension>
</extensions>
</trkpt>
<trkpt lat="46.3341999" lon="13.7423854">
<ele>2101.53</ele>
<time>2026-07-25T15:52:12.235Z</time>
<extensions>
<gpxtpx:TrackPointExtension>
<gpxtpx:hr>131</gpxtpx:hr>
</gpxtpx:TrackPointExtension>
</extensions>
</trkpt>
<trkpt lat="46.3342291" lon="13.7421257">
<ele>2092.86</ele>
<time>2026-07-25T15:52:34.582Z</time>
<extensions>
<gpxtpx:TrackPointExtension>
<gpxtpx:hr>124</gpxtpx:hr>
</gpxtpx:TrackPointExtension>
</extensions>
</trkpt>
<trkpt lat="46.3341946" lon="13.7418573">
<ele>2085.87</ele>
<time>2026-07-25T15:53:06.661Z</time>
<extensions>
<gpxtpx:TrackPointExtension>
<gpxtpx:hr>119</gpxtpx:hr>
</gpxtpx:TrackPointExtension>
</extensions>
</trkpt>
<trkpt lat="46.3341501" lon="13.7415975">
<ele>2080.90</ele>
<time>2026-07-25T15:54:04.197Z</time>
<extensions>
<gpxtpx:TrackPointExtension>
<gpxtpx:hr>104</gpxtpx:hr>
</gpxtpx:TrackPointExtension>
</extensions>
</trkpt>
<trkpt lat="46.3340558" lon="13.7413654">
<ele>2081.62</ele>
<time>2026-07-25T15:54:27.233Z</time>
<extensions>
<gpxtpx:TrackPointExtension>
<gpxtpx:hr>100</gpxtpx:hr>
</gpxtpx:TrackPointExtension>
</extensions>
</trkpt>
<trkpt lat="46.3340929" lon="13.7411076">
<ele>2073.78</ele>
<time>2026-07-25T15:54:53.187Z</time>
<extensions>
<gpxtpx:TrackPointExtension>
<gpxtpx:hr>96</gpxtpx:hr>
</gpxtpx:TrackPointExtension>
</extensions>
</trkpt>
<trkpt lat="46.3340367" lon="13.7408581">
<ele>2069.45</ele>
<time>2026-07-25T15:55:30.679Z</time>
<extensions>
<gpxtpx:TrackPointExtension>
<gpxtpx:hr>95</gpxtpx:hr>
</gpxtpx:TrackPointExtension>
</extensions>
</trkpt>
<trkpt lat="46.3340122" lon="13.7405971">
<ele>2064.60</ele>
<time>2026-07-25T15:56:03.962Z</time>
<extensions>
<gpxtpx:TrackPointExtension>
<gpxtpx:hr>96</gpxtpx:hr>
</gpxtpx:TrackPointExtension>
</extensions>
</trkpt>
<trkpt lat="46.3340241" lon="13.7403357">
<ele>2059.05</ele>
<time>2026-07-25T15:56:33.079Z</time>
<extensions>
<gpxtpx:TrackPointExtension>
<gpxtpx:hr>99</gpxtpx:hr>
</gpxtpx:TrackPointExtension>
</extensions>
</trkpt>
<trkpt lat="46.3340754" lon="13.7400838">
<ele>2052.47</ele>
<time>2026-07-25T15:57:18.146Z</time>
<extensions>
<gpxtpx:TrackPointExtension>
<gpxtpx:hr>114</gpxtpx:hr>
</gpxtpx:TrackPointExtension>
</extensions>
</trkpt>
<trkpt lat="46.3341068" lon="13.7398243">
<ele>2044.78</ele>
<time>2026-07-25T15:58:01.202Z</time>
<extensions>
<gpxtpx:TrackPointExtension>
<gpxtpx:hr>117</gpxtpx:hr>
</gpxtpx:TrackPointExtension>
</extensions>
</trkpt>
<trkpt lat="46.3341626" lon="13.7395759">
<ele>2036.39</ele>
<time>2026-07-25T15:59:05.102Z</time>
<extensions>
<gpxtpx:TrackPointExtension>
<gpxtpx:hr>94</gpxtpx:hr>
</gpxtpx:TrackPointExtension>
</extensions>
</trkpt>
<trkpt lat="46.3340133" lon="13.7394266">
<ele>2035.38</ele>
<time>2026-07-25T15:59:48.238Z</time>
<extensions>
<gpxtpx:TrackPointExtension>
<gpxtpx:hr>93</gpxtpx:hr>
</gpxtpx:TrackPointExtension>
</extensions>
</trkpt>
<trkpt lat="46.3338937" lon="13.7392268">
<ele>2031.51</ele>
<time>2026-07-25T16:00:23.246Z</time>
<extensions>
<gpxtpx:TrackPointExtension>
<gpxtpx:hr>97</gpxtpx:hr>
</gpxtpx:TrackPointExtension>
</extensions>
</trkpt>
<trkpt lat="46.3337662" lon="13.7390422">
<ele>2027.51</ele>
<time>2026-07-25T16:00:49.020Z</time>
<extensions>
<gpxtpx:TrackPointExtension>
<gpxtpx:hr>108</gpxtpx:hr>
</gpxtpx:TrackPointExtension>
</extensions>
</trkpt>
<trkpt lat="46.3336188" lon="13.7388897">
<ele>2024.05</ele>
<time>2026-07-25T16:01:18.173Z</time>
<extensions>
<gpxtpx:TrackPointExtension>
<gpxtpx:hr>106</gpxtpx:hr>
</gpxtpx:TrackPointExtension>
</extensions>
</trkpt>
<trkpt lat="46.3334710" lon="13.7387377">
<ele>2019.78</ele>
<time>2026-07-25T16:01:55.717Z</time>
<extensions>
<gpxtpx:TrackPointExtension>
<gpxtpx:hr>113</gpxtpx:hr>
</gpxtpx:TrackPointExtension>
</extensions>
</trkpt>
<trkpt lat="46.3333177" lon="13.7385974">
<ele>2015.03</ele>
<time>2026-07-25T16:02:25.958Z</time>
<extensions>
<gpxtpx:TrackPointExtension>
<gpxtpx:hr>118</gpxtpx:hr>
</gpxtpx:TrackPointExtension>
</extensions>
</trkpt>
<trkpt lat="46.3331700" lon="13.7384347">
<ele>2006.42</ele>
<time>2026-07-25T16:02:59.800Z</time>
<extensions>
<gpxtpx:TrackPointExtension>
<gpxtpx:hr>111</gpxtpx:hr>
</gpxtpx:TrackPointExtension>
</extensions>
</trkpt>
<trkpt lat="46.3330001" lon="13.7383383">
<ele>1999.08</ele>
<time>2026-07-25T16:03:27.818Z</time>
<extensions>
<gpxtpx:TrackPointExtension>
<gpxtpx:hr>105</gpxtpx:hr>
</gpxtpx:TrackPointExtension>
</extensions>
</trkpt>
<trkpt lat="46.3328320" lon="13.7382331">
<ele>1994.26</ele>
<time>2026-07-25T16:03:58.239Z</time>
<extensions>
<gpxtpx:TrackPointExtension>
<gpxtpx:hr>102</gpxtpx:hr>
</gpxtpx:TrackPointExtension>
</extensions>
</trkpt>
<trkpt lat="46.3326526" lon="13.7381851">
<ele>1990.73</ele>
<time>2026-07-25T16:04:32.242Z</time>
<extensions>
<gpxtpx:TrackPointExtension>
<gpxtpx:hr>101</gpxtpx:hr>
</gpxtpx:TrackPointExtension>
</extensions>
</trkpt>
<trkpt lat="46.3324704" lon="13.7381356">
<ele>1987.70</ele>
<time>2026-07-25T16:05:01.919Z</time>
<extensions>
<gpxtpx:TrackPointExtension>
<gpxtpx:hr>108</gpxtpx:hr>
</gpxtpx:TrackPointExtension>
</extensions>
</trkpt>
<trkpt lat="46.3323169" lon="13.7379859">
<ele>1984.91</ele>
<time>2026-07-25T16:05:22.240Z</time>
<extensions>
<gpxtpx:TrackPointExtension>
<gpxtpx:hr>106</gpxtpx:hr>
</gpxtpx:TrackPointExtension>
</extensions>
</trkpt>
<trkpt lat="46.3321875" lon="13.7378009">
<ele>1980.78</ele>
<time>2026-07-25T16:05:43.839Z</time>
<extensions>
<gpxtpx:TrackPointExtension>
<gpxtpx:hr>118</gpxtpx:hr>
</gpxtpx:TrackPointExtension>
</extensions>
</trkpt>
<trkpt lat="46.3320139" lon="13.7377268">
<ele>1978.31</ele>
<time>2026-07-25T16:06:11.141Z</time>
<extensions>
<gpxtpx:TrackPointExtension>
<gpxtpx:hr>116</gpxtpx:hr>
</gpxtpx:TrackPointExtension>
</extensions>
</trkpt>
<trkpt lat="46.3318395" lon="13.7376586">
<ele>1975.62</ele>
<time>2026-07-25T16:07:07.181Z</time>
<extensions>
<gpxtpx:TrackPointExtension>
<gpxtpx:hr>108</gpxtpx:hr>
</gpxtpx:TrackPointExtension>
</extensions>
</trkpt>
<trkpt lat="46.3316587" lon="13.7376779">
<ele>1975.10</ele>
<time>2026-07-25T16:07:31.210Z</time>
<extensions>
<gpxtpx:TrackPointExtension>
<gpxtpx:hr>117</gpxtpx:hr>
</gpxtpx:TrackPointExtension>
</extensions>
</trkpt>
<trkpt lat="46.3315036" lon="13.7375373">
<ele>1970.52</ele>
<time>2026-07-25T16:07:55.978Z</time>
<extensions>
<gpxtpx:TrackPointExtension>
<gpxtpx:hr>117</gpxtpx:hr>
</gpxtpx:TrackPointExtension>
</extensions>
</trkpt>
<trkpt lat="46.3313641" lon="13.7373697">
<ele>1964.75</ele>
<time>2026-07-25T16:08:20.801Z</time>
<extensions>
<gpxtpx:TrackPointExtension>
<gpxtpx:hr>116</gpxtpx:hr>
</gpxtpx:TrackPointExtension>
</extensions>
</trkpt>
<trkpt lat="46.3311934" lon="13.7372834">
<ele>1961.43</ele>
<time>2026-07-25T16:08:59.236Z</time>
<extensions>
<gpxtpx:TrackPointExtension>
<gpxtpx:hr>114</gpxtpx:hr>
</gpxtpx:TrackPointExtension>
</extensions>
</trkpt>
<trkpt lat="46.3310108" lon="13.7372354">
<ele>1959.32</ele>
<time>2026-07-25T16:09:27.380Z</time>
<extensions>
<gpxtpx:TrackPointExtension>
<gpxtpx:hr>123</gpxtpx:hr>
</gpxtpx:TrackPointExtension>
</extensions>
</trkpt>
<trkpt lat="46.3308540" lon="13.7370964">
<ele>1954.47</ele>
<time>2026-07-25T16:09:52.782Z</time>
<extensions>
<gpxtpx:TrackPointExtension>
<gpxtpx:hr>117</gpxtpx:hr>
</gpxtpx:TrackPointExtension>
</extensions>
</trkpt>
<trkpt lat="46.3307381" lon="13.7368957">
<ele>1948.74</ele>
<time>2026-07-25T16:10:20.020Z</time>
<extensions>
<gpxtpx:TrackPointExtension>
<gpxtpx:hr>123</gpxtpx:hr>
</gpxtpx:TrackPointExtension>
</extensions>
</trkpt>
<trkpt lat="46.3305847" lon="13.7367555">
<ele>1944.92</ele>
<time>2026-07-25T16:10:46.121Z</time>
<extensions>
<gpxtpx:TrackPointExtension>
<gpxtpx:hr>124</gpxtpx:hr>
</gpxtpx:TrackPointExtension>
</extensions>
</trkpt>
<trkpt lat="46.3304324" lon="13.7366126">
<ele>1941.40</ele>
<time>2026-07-25T16:11:57.680Z</time>
<extensions>
<gpxtpx:TrackPointExtension>
<gpxtpx:hr>120</gpxtpx:hr>
</gpxtpx:TrackPointExtension>
</extensions>
</trkpt>
<trkpt lat="46.3302867" lon="13.7364521">
<ele>1939.01</ele>
<time>2026-07-25T16:12:26.780Z</time>
<extensions>
<gpxtpx:TrackPointExtension>
<gpxtpx:hr>108</gpxtpx:hr>
</gpxtpx:TrackPointExtension>
</extensions>
</trkpt>
<trkpt lat="46.3302846" lon="13.7361854">
<ele>1934.10</ele>
<time>2026-07-25T16:12:56.679Z</time>
<extensions>
<gpxtpx:TrackPointExtension>
<gpxtpx:hr>106</gpxtpx:hr>
</gpxtpx:TrackPointExtension>
</extensions>
</trkpt>
<trkpt lat="46.3302358" lon="13.7359238">
<ele>1929.66</ele>
<time>2026-07-25T16:13:12.660Z</time>
<extensions>
<gpxtpx:TrackPointExtension>
<gpxtpx:hr>103</gpxtpx:hr>
</gpxtpx:TrackPointExtension>
</extensions>
</trkpt>
<trkpt lat="46.3301756" lon="13.7356751">
<ele>1927.76</ele>
<time>2026-07-25T16:13:29.738Z</time>
<extensions>
<gpxtpx:TrackPointExtension>
<gpxtpx:hr>113</gpxtpx:hr>
</gpxtpx:TrackPointExtension>
</extensions>
</trkpt>
<trkpt lat="46.3300996" lon="13.7354369">
<ele>1927.45</ele>
<time>2026-07-25T16:13:50.241Z</time>
<extensions>
<gpxtpx:TrackPointExtension>
<gpxtpx:hr>105</gpxtpx:hr>
</gpxtpx:TrackPointExtension>
</extensions>
</trkpt>
<trkpt lat="46.3300767" lon="13.7351737">
<ele>1926.62</ele>
<time>2026-07-25T16:14:11.901Z</time>
<extensions>
<gpxtpx:TrackPointExtension>
<gpxtpx:hr>100</gpxtpx:hr>
</gpxtpx:TrackPointExtension>
</extensions>
</trkpt>
<trkpt lat="46.3299930" lon="13.7349427">
<ele>1926.56</ele>
<time>2026-07-25T16:14:37.157Z</time>
<extensions>
<gpxtpx:TrackPointExtension>
<gpxtpx:hr>98</gpxtpx:hr>
</gpxtpx:TrackPointExtension>
</extensions>
</trkpt>
<trkpt lat="46.3298894" lon="13.7347234">
<ele>1926.62</ele>
<time>2026-07-25T16:14:56.176Z</time>
<extensions>
<gpxtpx:TrackPointExtension>
<gpxtpx:hr>101</gpxtpx:hr>
</gpxtpx:TrackPointExtension>
</extensions>
</trkpt>
<trkpt lat="46.3297310" lon="13.7345930">
<ele>1928.75</ele>
<time>2026-07-25T16:15:17.258Z</time>
<extensions>
<gpxtpx:TrackPointExtension>
<gpxtpx:hr>103</gpxtpx:hr>
</gpxtpx:TrackPointExtension>
</extensions>
</trkpt>
<trkpt lat="46.3296437" lon="13.7343650">
<ele>1927.82</ele>
<time>2026-07-25T16:15:59.919Z</time>
<extensions>
<gpxtpx:TrackPointExtension>
<gpxtpx:hr>111</gpxtpx:hr>
</gpxtpx:TrackPointExtension>
</extensions>
</trkpt>
<trkpt lat="46.3297447" lon="13.7341437">
<ele>1923.42</ele>
<time>2026-07-25T16:16:26.800Z</time>
<extensions>
<gpxtpx:TrackPointExtension>
<gpxtpx:hr>111</gpxtpx:hr>
</gpxtpx:TrackPointExtension>
</extensions>
</trkpt>
<trkpt lat="46.3297279" lon="13.7338824">
<ele>1926.18</ele>
<time>2026-07-25T16:16:50.160Z</time>
<extensions>
<gpxtpx:TrackPointExtension>
<gpxtpx:hr>121</gpxtpx:hr>
</gpxtpx:TrackPointExtension>
</extensions>
</trkpt>
<trkpt lat="46.3296447" lon="13.7336458">
<ele>1929.63</ele>
<time>2026-07-25T16:17:28.878Z</time>
<extensions>
<gpxtpx:TrackPointExtension>
<gpxtpx:hr>133</gpxtpx:hr>
</gpxtpx:TrackPointExtension>
</extensions>
</trkpt>
<trkpt lat="46.3295942" lon="13.7333700">
<ele>1932.58</ele>
<time>2026-07-25T16:18:23.958Z</time>
<extensions>
<gpxtpx:TrackPointExtension>
<gpxtpx:hr>135</gpxtpx:hr>
</gpxtpx:TrackPointExtension>
</extensions>
</trkpt>
<trkpt lat="46.3295024" lon="13.7331412">
<ele>1934.66</ele>
<time>2026-07-25T16:18:43.158Z</time>
<extensions>
<gpxtpx:TrackPointExtension>
<gpxtpx:hr>131</gpxtpx:hr>
</gpxtpx:TrackPointExtension>
</extensions>
</trkpt>
<trkpt lat="46.3294179" lon="13.7329059">
<ele>1936.52</ele>
<time>2026-07-25T16:19:08.801Z</time>
<extensions>
<gpxtpx:TrackPointExtension>
<gpxtpx:hr>130</gpxtpx:hr>
</gpxtpx:TrackPointExtension>
</extensions>
</trkpt>
<trkpt lat="46.3295007" lon="13.7326687">
<ele>1936.38</ele>
<time>2026-07-25T16:19:37.679Z</time>
<extensions>
<gpxtpx:TrackPointExtension>
<gpxtpx:hr>124</gpxtpx:hr>
</gpxtpx:TrackPointExtension>
</extensions>
</trkpt>
<trkpt lat="46.3294502" lon="13.7324108">
<ele>1937.42</ele>
<time>2026-07-25T16:20:03.122Z</time>
<extensions>
<gpxtpx:TrackPointExtension>
<gpxtpx:hr>120</gpxtpx:hr>
</gpxtpx:TrackPointExtension>
</extensions>
</trkpt>
<trkpt lat="46.3294005" lon="13.7321567">
<ele>1937.36</ele>
<time>2026-07-25T16:20:29.278Z</time>
<extensions>
<gpxtpx:TrackPointExtension>
<gpxtpx:hr>122</gpxtpx:hr>
</gpxtpx:TrackPointExtension>
</extensions>
</trkpt>
<trkpt lat="46.3293255" lon="13.7319155">
<ele>1937.22</ele>
<time>2026-07-25T16:20:53.599Z</time>
<extensions>
<gpxtpx:TrackPointExtension>
<gpxtpx:hr>122</gpxtpx:hr>
</gpxtpx:TrackPointExtension>
</extensions>
</trkpt>
<trkpt lat="46.3293487" lon="13.7316494">
<ele>1936.02</ele>
<time>2026-07-25T16:21:32.240Z</time>
<extensions>
<gpxtpx:TrackPointExtension>
<gpxtpx:hr>126</gpxtpx:hr>
</gpxtpx:TrackPointExtension>
</extensions>
</trkpt>
<trkpt lat="46.3292706" lon="13.7314081">
<ele>1931.31</ele>
<time>2026-07-25T16:22:01.581Z</time>
<extensions>
<gpxtpx:TrackPointExtension>
<gpxtpx:hr>125</gpxtpx:hr>
</gpxtpx:TrackPointExtension>
</extensions>
</trkpt>
<trkpt lat="46.3291277" lon="13.7312306">
<ele>1927.47</ele>
<time>2026-07-25T16:22:30.118Z</time>
<extensions>
<gpxtpx:TrackPointExtension>
<gpxtpx:hr>123</gpxtpx:hr>
</gpxtpx:TrackPointExtension>
</extensions>
</trkpt>
<trkpt lat="46.3291154" lon="13.7309651">
<ele>1921.39</ele>
<time>2026-07-25T16:22:55.118Z</time>
<extensions>
<gpxtpx:TrackPointExtension>
<gpxtpx:hr>127</gpxtpx:hr>
</gpxtpx:TrackPointExtension>
</extensions>
</trkpt>
<trkpt lat="46.3289498" lon="13.7308514">
<ele>1919.76</ele>
<time>2026-07-25T16:23:17.079Z</time>
<extensions>
<gpxtpx:TrackPointExtension>
<gpxtpx:hr>130</gpxtpx:hr>
</gpxtpx:TrackPointExtension>
</extensions>
</trkpt>
<trkpt lat="46.3287822" lon="13.7307499">
<ele>1917.66</ele>
<time>2026-07-25T16:23:34.161Z</time>
<extensions>
<gpxtpx:TrackPointExtension>
<gpxtpx:hr>125</gpxtpx:hr>
</gpxtpx:TrackPointExtension>
</extensions>
</trkpt>
<trkpt lat="46.3286187" lon="13.7306410">
<ele>1914.55</ele>
<time>2026-07-25T16:23:58.225Z</time>
<extensions>
<gpxtpx:TrackPointExtension>
<gpxtpx:hr>118</gpxtpx:hr>
</gpxtpx:TrackPointExtension>
</extensions>
</trkpt>
<trkpt lat="46.3285010" lon="13.7304403">
<ele>1907.29</ele>
<time>2026-07-25T16:24:32.661Z</time>
<extensions>
<gpxtpx:TrackPointExtension>
<gpxtpx:hr>120</gpxtpx:hr>
</gpxtpx:TrackPointExtension>
</extensions>
</trkpt>
<trkpt lat="46.3283841" lon="13.7302408">
<ele>1899.13</ele>
<time>2026-07-25T16:25:17.082Z</time>
<extensions>
<gpxtpx:TrackPointExtension>
<gpxtpx:hr>122</gpxtpx:hr>
</gpxtpx:TrackPointExtension>
</extensions>
</trkpt>
<trkpt lat="46.3283697" lon="13.7299782">
<ele>1888.73</ele>
<time>2026-07-25T16:25:40.999Z</time>
<extensions>
<gpxtpx:TrackPointExtension>
<gpxtpx:hr>125</gpxtpx:hr>
</gpxtpx:TrackPointExtension>
</extensions>
</trkpt>
<trkpt lat="46.3283800" lon="13.7297177">
<ele>1881.02</ele>
<time>2026-07-25T16:26:16.617Z</time>
<extensions>
<gpxtpx:TrackPointExtension>
<gpxtpx:hr>106</gpxtpx:hr>
</gpxtpx:TrackPointExtension>
</extensions>
</trkpt>
<trkpt lat="46.3282360" lon="13.7295533">
<ele>1877.75</ele>
<time>2026-07-25T16:26:45.958Z</time>
<extensions>
<gpxtpx:TrackPointExtension>
<gpxtpx:hr>105</gpxtpx:hr>
</gpxtpx:TrackPointExtension>
</extensions>
</trkpt>
<trkpt lat="46.3280695" lon="13.7294538">
<ele>1879.24</ele>
<time>2026-07-25T16:27:02.225Z</time>
<extensions>
<gpxtpx:TrackPointExtension>
<gpxtpx:hr>105</gpxtpx:hr>
</gpxtpx:TrackPointExtension>
</extensions>
</trkpt>
<trkpt lat="46.3279225" lon="13.7292964">
<ele>1878.39</ele>
<time>2026-07-25T16:27:21.898Z</time>
<extensions>
<gpxtpx:TrackPointExtension>
<gpxtpx:hr>112</gpxtpx:hr>
</gpxtpx:TrackPointExtension>
</extensions>
</trkpt>
<trkpt lat="46.3278403" lon="13.7290627">
<ele>1874.09</ele>
<time>2026-07-25T16:27:42.098Z</time>
<extensions>
<gpxtpx:TrackPointExtension>
<gpxtpx:hr>118</gpxtpx:hr>
</gpxtpx:TrackPointExtension>
</extensions>
</trkpt>
<trkpt lat="46.3277959" lon="13.7288091">
<ele>1868.52</ele>
<time>2026-07-25T16:28:03.099Z</time>
<extensions>
<gpxtpx:TrackPointExtension>
<gpxtpx:hr>109</gpxtpx:hr>
</gpxtpx:TrackPointExtension>
</extensions>
</trkpt>
<trkpt lat="46.3277313" lon="13.7285658">
<ele>1862.35</ele>
<time>2026-07-25T16:28:24.220Z</time>
<extensions>
<gpxtpx:TrackPointExtension>
<gpxtpx:hr>109</gpxtpx:hr>
</gpxtpx:TrackPointExtension>
</extensions>
</trkpt>
<trkpt lat="46.3275931" lon="13.7283958">
<ele>1856.83</ele>
<time>2026-07-25T16:28:44.240Z</time>
<extensions>
<gpxtpx:TrackPointExtension>
<gpxtpx:hr>113</gpxtpx:hr>
</gpxtpx:TrackPointExtension>
</extensions>
</trkpt>
<trkpt lat="46.3274536" lon="13.7282290">
<ele>1852.54</ele>
<time>2026-07-25T16:29:08.877Z</time>
<extensions>
<gpxtpx:TrackPointExtension>
<gpxtpx:hr>112</gpxtpx:hr>
</gpxtpx:TrackPointExtension>
</extensions>
</trkpt>
<trkpt lat="46.3273618" lon="13.7279944">
<ele>1848.19</ele>
<time>2026-07-25T16:29:28.258Z</time>
<extensions>
<gpxtpx:TrackPointExtension>
<gpxtpx:hr>107</gpxtpx:hr>
</gpxtpx:TrackPointExtension>
</extensions>
</trkpt>
<trkpt lat="46.3273063" lon="13.7277369">
<ele>1841.65</ele>
<time>2026-07-25T16:29:48.720Z</time>
<extensions>
<gpxtpx:TrackPointExtension>
<gpxtpx:hr>113</gpxtpx:hr>
</gpxtpx:TrackPointExtension>
</extensions>
</trkpt>
<trkpt lat="46.3272621" lon="13.7274782">
<ele>1834.96</ele>
<time>2026-07-25T16:30:05.219Z</time>
<extensions>
<gpxtpx:TrackPointExtension>
<gpxtpx:hr>107</gpxtpx:hr>
</gpxtpx:TrackPointExtension>
</extensions>
</trkpt>
<trkpt lat="46.3273038" lon="13.7272239">
<ele>1834.49</ele>
<time>2026-07-25T16:30:28.181Z</time>
<extensions>
<gpxtpx:TrackPointExtension>
<gpxtpx:hr>102</gpxtpx:hr>
</gpxtpx:TrackPointExtension>
</extensions>
</trkpt>
<trkpt lat="46.3273208" lon="13.7269559">
<ele>1834.45</ele>
<time>2026-07-25T16:30:50.077Z</time>
<extensions>
<gpxtpx:TrackPointExtension>
<gpxtpx:hr>100</gpxtpx:hr>
</gpxtpx:TrackPointExtension>
</extensions>
</trkpt>
<trkpt lat="46.3273380" lon="13.7266949">
<ele>1834.66</ele>
<time>2026-07-25T16:31:11.214Z</time>
<extensions>
<gpxtpx:TrackPointExtension>
<gpxtpx:hr>109</gpxtpx:hr>
</gpxtpx:TrackPointExtension>
</extensions>
</trkpt>
<trkpt lat="46.3271893" lon="13.7265408">
<ele>1832.13</ele>
<time>2026-07-25T16:31:26.203Z</time>
<extensions>
<gpxtpx:TrackPointExtension>
<gpxtpx:hr>121</gpxtpx:hr>
</gpxtpx:TrackPointExtension>
</extensions>
</trkpt>
<trkpt lat="46.3270475" lon="13.7263771">
<ele>1828.70</ele>
<time>2026-07-25T16:31:48.597Z</time>
<extensions>
<gpxtpx:TrackPointExtension>
<gpxtpx:hr>106</gpxtpx:hr>
</gpxtpx:TrackPointExtension>
</extensions>
</trkpt>
<trkpt lat="46.3269868" lon="13.7261267">
<ele>1825.57</ele>
<time>2026-07-25T16:32:08.541Z</time>
<extensions>
<gpxtpx:TrackPointExtension>
<gpxtpx:hr>109</gpxtpx:hr>
</gpxtpx:TrackPointExtension>
</extensions>
</trkpt>
<trkpt lat="46.3269450" lon="13.7258617">
<ele>1822.26</ele>
<time>2026-07-25T16:32:35.121Z</time>
<extensions>
<gpxtpx:TrackPointExtension>
<gpxtpx:hr>121</gpxtpx:hr>
</gpxtpx:TrackPointExtension>
</extensions>
</trkpt>
<trkpt lat="46.3269119" lon="13.7256027">
<ele>1820.56</ele>
<time>2026-07-25T16:32:59.617Z</time>
<extensions>
<gpxtpx:TrackPointExtension>
<gpxtpx:hr>121</gpxtpx:hr>
</gpxtpx:TrackPointExtension>
</extensions>
</trkpt>
<trkpt lat="46.3267710" lon="13.7254277">
<ele>1812.73</ele>
<time>2026-07-25T16:33:24.209Z</time>
<extensions>
<gpxtpx:TrackPointExtension>
<gpxtpx:hr>130</gpxtpx:hr>
</gpxtpx:TrackPointExtension>
</extensions>
</trkpt>
<trkpt lat="46.3266351" lon="13.7252553">
<ele>1804.10</ele>
<time>2026-07-25T16:33:41.457Z</time>
<extensions>
<gpxtpx:TrackPointExtension>
<gpxtpx:hr>130</gpxtpx:hr>
</gpxtpx:TrackPointExtension>
</extensions>
</trkpt>
<trkpt lat="46.3266022" lon="13.7249967">
<ele>1800.02</ele>
<time>2026-07-25T16:34:03.941Z</time>
<extensions>
<gpxtpx:TrackPointExtension>
<gpxtpx:hr>129</gpxtpx:hr>
</gpxtpx:TrackPointExtension>
</extensions>
</trkpt>
<trkpt lat="46.3265141" lon="13.7247644">
<ele>1799.85</ele>
<time>2026-07-25T16:35:07.020Z</time>
<extensions>
<gpxtpx:TrackPointExtension>
<gpxtpx:hr>114</gpxtpx:hr>
</gpxtpx:TrackPointExtension>
</extensions>
</trkpt>
<trkpt lat="46.3263992" lon="13.7245579">
<ele>1797.67</ele>
<time>2026-07-25T16:35:27.638Z</time>
<extensions>
<gpxtpx:TrackPointExtension>
<gpxtpx:hr>111</gpxtpx:hr>
</gpxtpx:TrackPointExtension>
</extensions>
</trkpt>
<trkpt lat="46.3262811" lon="13.7243558">
<ele>1794.02</ele>
<time>2026-07-25T16:35:48.121Z</time>
<extensions>
<gpxtpx:TrackPointExtension>
<gpxtpx:hr>113</gpxtpx:hr>
</gpxtpx:TrackPointExtension>
</extensions>
</trkpt>
<trkpt lat="46.3262032" lon="13.7241134">
<ele>1791.64</ele>
<time>2026-07-25T16:36:26.898Z</time>
<extensions>
<gpxtpx:TrackPointExtension>
<gpxtpx:hr>101</gpxtpx:hr>
</gpxtpx:TrackPointExtension>
</extensions>
</trkpt>
<trkpt lat="46.3262133" lon="13.7238428">
<ele>1797.21</ele>
<time>2026-07-25T16:36:59.121Z</time>
<extensions>
<gpxtpx:TrackPointExtension>
<gpxtpx:hr>100</gpxtpx:hr>
</gpxtpx:TrackPointExtension>
</extensions>
</trkpt>
<trkpt lat="46.3261700" lon="13.7235900">
<ele>1799.37</ele>
<time>2026-07-25T16:37:20.877Z</time>
<extensions>
<gpxtpx:TrackPointExtension>
<gpxtpx:hr>106</gpxtpx:hr>
</gpxtpx:TrackPointExtension>
</extensions>
</trkpt>
<trkpt lat="46.3261634" lon="13.7233270">
<ele>1803.47</ele>
<time>2026-07-25T16:37:47.019Z</time>
<extensions>
<gpxtpx:TrackPointExtension>
<gpxtpx:hr>112</gpxtpx:hr>
</gpxtpx:TrackPointExtension>
</extensions>
</trkpt>
<trkpt lat="46.3259983" lon="13.7232064">
<ele>1793.17</ele>
<time>2026-07-25T16:38:20.520Z</time>
<extensions>
<gpxtpx:TrackPointExtension>
<gpxtpx:hr>117</gpxtpx:hr>
</gpxtpx:TrackPointExtension>
</extensions>
</trkpt>
<trkpt lat="46.3258225" lon="13.7231430">
<ele>1780.88</ele>
<time>2026-07-25T16:38:47.119Z</time>
<extensions>
<gpxtpx:TrackPointExtension>
<gpxtpx:hr>124</gpxtpx:hr>
</gpxtpx:TrackPointExtension>
</extensions>
</trkpt>
<trkpt lat="46.3257173" lon="13.7229207">
<ele>1777.75</ele>
<time>2026-07-25T16:39:14.216Z</time>
<extensions>
<gpxtpx:TrackPointExtension>
<gpxtpx:hr>131</gpxtpx:hr>
</gpxtpx:TrackPointExtension>
</extensions>
</trkpt>
<trkpt lat="46.3256122" lon="13.7227086">
<ele>1774.61</ele>
<time>2026-07-25T16:39:37.541Z</time>
<extensions>
<gpxtpx:TrackPointExtension>
<gpxtpx:hr>131</gpxtpx:hr>
</gpxtpx:TrackPointExtension>
</extensions>
</trkpt>
<trkpt lat="46.3254691" lon="13.7225498">
<ele>1769.44</ele>
<time>2026-07-25T16:40:05.222Z</time>
<extensions>
<gpxtpx:TrackPointExtension>
<gpxtpx:hr>132</gpxtpx:hr>
</gpxtpx:TrackPointExtension>
</extensions>
</trkpt>
<trkpt lat="46.3253034" lon="13.7224435">
<ele>1762.79</ele>
<time>2026-07-25T16:40:27.379Z</time>
<extensions>
<gpxtpx:TrackPointExtension>
<gpxtpx:hr>124</gpxtpx:hr>
</gpxtpx:TrackPointExtension>
</extensions>
</trkpt>
<trkpt lat="46.3251250" lon="13.7223725">
<ele>1754.85</ele>
<time>2026-07-25T16:40:48.239Z</time>
<extensions>
<gpxtpx:TrackPointExtension>
<gpxtpx:hr>123</gpxtpx:hr>
</gpxtpx:TrackPointExtension>
</extensions>
</trkpt>
<trkpt lat="46.3249579" lon="13.7222726">
<ele>1747.69</ele>
<time>2026-07-25T16:41:13.857Z</time>
<extensions>
<gpxtpx:TrackPointExtension>
<gpxtpx:hr>127</gpxtpx:hr>
</gpxtpx:TrackPointExtension>
</extensions>
</trkpt>
<trkpt lat="46.3248664" lon="13.7220425">
<ele>1744.54</ele>
<time>2026-07-25T16:41:33.258Z</time>
<extensions>
<gpxtpx:TrackPointExtension>
<gpxtpx:hr>131</gpxtpx:hr>
</gpxtpx:TrackPointExtension>
</extensions>
</trkpt>
<trkpt lat="46.3247205" lon="13.7218866">
<ele>1739.22</ele>
<time>2026-07-25T16:41:53.168Z</time>
<extensions>
<gpxtpx:TrackPointExtension>
<gpxtpx:hr>126</gpxtpx:hr>
</gpxtpx:TrackPointExtension>
</extensions>
</trkpt>
<trkpt lat="46.3245723" lon="13.7217277">
<ele>1733.35</ele>
<time>2026-07-25T16:42:21.960Z</time>
<extensions>
<gpxtpx:TrackPointExtension>
<gpxtpx:hr>129</gpxtpx:hr>
</gpxtpx:TrackPointExtension>
</extensions>
</trkpt>
<trkpt lat="46.3244254" lon="13.7215738">
<ele>1726.44</ele>
<time>2026-07-25T16:42:47.301Z</time>
<extensions>
<gpxtpx:TrackPointExtension>
<gpxtpx:hr>126</gpxtpx:hr>
</gpxtpx:TrackPointExtension>
</extensions>
</trkpt>
<trkpt lat="46.3242450" lon="13.7216062">
<ele>1720.17</ele>
<time>2026-07-25T16:43:08.719Z</time>
<extensions>
<gpxtpx:TrackPointExtension>
<gpxtpx:hr>118</gpxtpx:hr>
</gpxtpx:TrackPointExtension>
</extensions>
</trkpt>
<trkpt lat="46.3240654" lon="13.7215616">
<ele>1714.16</ele>
<time>2026-07-25T16:43:24.640Z</time>
<extensions>
<gpxtpx:TrackPointExtension>
<gpxtpx:hr>113</gpxtpx:hr>
</gpxtpx:TrackPointExtension>
</extensions>
</trkpt>
<trkpt lat="46.3238861" lon="13.7215863">
<ele>1709.90</ele>
<time>2026-07-25T16:43:45.258Z</time>
<extensions>
<gpxtpx:TrackPointExtension>
<gpxtpx:hr>118</gpxtpx:hr>
</gpxtpx:TrackPointExtension>
</extensions>
</trkpt>
<trkpt lat="46.3237018" lon="13.7215737">
<ele>1705.05</ele>
<time>2026-07-25T16:44:05.061Z</time>
<extensions>
<gpxtpx:TrackPointExtension>
<gpxtpx:hr>111</gpxtpx:hr>
</gpxtpx:TrackPointExtension>
</extensions>
</trkpt>
<trkpt lat="46.3235563" lon="13.7214121">
<ele>1699.12</ele>
<time>2026-07-25T16:44:26.937Z</time>
<extensions>
<gpxtpx:TrackPointExtension>
<gpxtpx:hr>118</gpxtpx:hr>
</gpxtpx:TrackPointExtension>
</extensions>
</trkpt>
<trkpt lat="46.3233824" lon="13.7213274">
<ele>1693.40</ele>
<time>2026-07-25T16:44:45.418Z</time>
<extensions>
<gpxtpx:TrackPointExtension>
<gpxtpx:hr>118</gpxtpx:hr>
</gpxtpx:TrackPointExtension>
</extensions>
</trkpt>
<trkpt lat="46.3232428" lon="13.7211562">
<ele>1690.22</ele>
<time>2026-07-25T16:45:01.398Z</time>
<extensions>
<gpxtpx:TrackPointExtension>
<gpxtpx:hr>119</gpxtpx:hr>
</gpxtpx:TrackPointExtension>
</extensions>
</trkpt>
<trkpt lat="46.3230792" lon="13.7210432">
<ele>1689.70</ele>
<time>2026-07-25T16:45:16.182Z</time>
<extensions>
<gpxtpx:TrackPointExtension>
<gpxtpx:hr>119</gpxtpx:hr>
</gpxtpx:TrackPointExtension>
</extensions>
</trkpt>
<trkpt lat="46.3229056" lon="13.7209666">
<ele>1689.83</ele>
<time>2026-07-25T16:45:33.777Z</time>
<extensions>
<gpxtpx:TrackPointExtension>
<gpxtpx:hr>123</gpxtpx:hr>
</gpxtpx:TrackPointExtension>
</extensions>
</trkpt>
<trkpt lat="46.3227582" lon="13.7208120">
<ele>1688.29</ele>
<time>2026-07-25T16:45:50.820Z</time>
<extensions>
<gpxtpx:TrackPointExtension>
<gpxtpx:hr>115</gpxtpx:hr>
</gpxtpx:TrackPointExtension>
</extensions>
</trkpt>
<trkpt lat="46.3225978" lon="13.7206938">
<ele>1684.23</ele>
<time>2026-07-25T16:46:09.457Z</time>
<extensions>
<gpxtpx:TrackPointExtension>
<gpxtpx:hr>118</gpxtpx:hr>
</gpxtpx:TrackPointExtension>
</extensions>
</trkpt>
<trkpt lat="46.3224180" lon="13.7206629">
<ele>1683.11</ele>
<time>2026-07-25T16:46:30.720Z</time>
<extensions>
<gpxtpx:TrackPointExtension>
<gpxtpx:hr>109</gpxtpx:hr>
</gpxtpx:TrackPointExtension>
</extensions>
</trkpt>
<trkpt lat="46.3222364" lon="13.7207082">
<ele>1684.93</ele>
<time>2026-07-25T16:46:57.219Z</time>
<extensions>
<gpxtpx:TrackPointExtension>
<gpxtpx:hr>109</gpxtpx:hr>
</gpxtpx:TrackPointExtension>
</extensions>
</trkpt>
<trkpt lat="46.3220399" lon="13.7207781">
<ele>1687.89</ele>
<time>2026-07-25T16:47:13.718Z</time>
<extensions>
<gpxtpx:TrackPointExtension>
<gpxtpx:hr>107</gpxtpx:hr>
</gpxtpx:TrackPointExtension>
</extensions>
</trkpt>
<trkpt lat="46.3219109" lon="13.7205867">
<ele>1678.84</ele>
<time>2026-07-25T16:47:38.145Z</time>
<extensions>
<gpxtpx:TrackPointExtension>
<gpxtpx:hr>109</gpxtpx:hr>
</gpxtpx:TrackPointExtension>
</extensions>
</trkpt>
<trkpt lat="46.3217355" lon="13.7205265">
<ele>1675.75</ele>
<time>2026-07-25T16:47:59.262Z</time>
<extensions>
<gpxtpx:TrackPointExtension>
<gpxtpx:hr>114</gpxtpx:hr>
</gpxtpx:TrackPointExtension>
</extensions>
</trkpt>
<trkpt lat="46.3216403" lon="13.7203033">
<ele>1665.49</ele>
<time>2026-07-25T16:48:26.439Z</time>
<extensions>
<gpxtpx:TrackPointExtension>
<gpxtpx:hr>106</gpxtpx:hr>
</gpxtpx:TrackPointExtension>
</extensions>
</trkpt>
<trkpt lat="46.3215243" lon="13.7201004">
<ele>1657.15</ele>
<time>2026-07-25T16:48:47.682Z</time>
<extensions>
<gpxtpx:TrackPointExtension>
<gpxtpx:hr>111</gpxtpx:hr>
</gpxtpx:TrackPointExtension>
</extensions>
</trkpt>
<trkpt lat="46.3214800" lon="13.7198473">
<ele>1641.80</ele>
<time>2026-07-25T16:49:28.521Z</time>
<extensions>
<gpxtpx:TrackPointExtension>
<gpxtpx:hr>108</gpxtpx:hr>
</gpxtpx:TrackPointExtension>
</extensions>
</trkpt>
<trkpt lat="46.3213020" lon="13.7198010">
<ele>1638.14</ele>
<time>2026-07-25T16:50:20.900Z</time>
<extensions>
<gpxtpx:TrackPointExtension>
<gpxtpx:hr>100</gpxtpx:hr>
</gpxtpx:TrackPointExtension>
</extensions>
</trkpt>
<trkpt lat="46.3210399" lon="13.7197680">
<ele>1634.44</ele>
<time>2026-07-25T16:52:25.697Z</time>
<extensions>
<gpxtpx:TrackPointExtension>
<gpxtpx:hr>110</gpxtpx:hr>
</gpxtpx:TrackPointExtension>
</extensions>
</trkpt>
<trkpt lat="46.3205935" lon="13.7194379">
<ele>1592.39</ele>
<time>2026-07-25T16:54:48.840Z</time>
<extensions>
<gpxtpx:TrackPointExtension>
<gpxtpx:hr>114</gpxtpx:hr>
</gpxtpx:TrackPointExtension>
</extensions>
</trkpt>
<trkpt lat="46.3204235" lon="13.7193438">
<ele>1579.46</ele>
<time>2026-07-25T16:55:20.977Z</time>
<extensions>
<gpxtpx:TrackPointExtension>
<gpxtpx:hr>118</gpxtpx:hr>
</gpxtpx:TrackPointExtension>
</extensions>
</trkpt>
<trkpt lat="46.3202443" lon="13.7193119">
<ele>1573.04</ele>
<time>2026-07-25T16:55:45.540Z</time>
<extensions>
<gpxtpx:TrackPointExtension>
<gpxtpx:hr>109</gpxtpx:hr>
</gpxtpx:TrackPointExtension>
</extensions>
</trkpt>
<trkpt lat="46.3200698" lon="13.7192257">
<ele>1562.22</ele>
<time>2026-07-25T16:56:15.189Z</time>
<extensions>
<gpxtpx:TrackPointExtension>
<gpxtpx:hr>118</gpxtpx:hr>
</gpxtpx:TrackPointExtension>
</extensions>
</trkpt>
<trkpt lat="46.3198890" lon="13.7192259">
<ele>1561.15</ele>
<time>2026-07-25T16:56:37.920Z</time>
<extensions>
<gpxtpx:TrackPointExtension>
<gpxtpx:hr>120</gpxtpx:hr>
</gpxtpx:TrackPointExtension>
</extensions>
</trkpt>
<trkpt lat="46.3197086" lon="13.7192141">
<ele>1560.23</ele>
<time>2026-07-25T16:56:55.979Z</time>
<extensions>
<gpxtpx:TrackPointExtension>
<gpxtpx:hr>123</gpxtpx:hr>
</gpxtpx:TrackPointExtension>
</extensions>
</trkpt>
<trkpt lat="46.3195404" lon="13.7191000">
<ele>1554.46</ele>
<time>2026-07-25T16:57:13.539Z</time>
<extensions>
<gpxtpx:TrackPointExtension>
<gpxtpx:hr>115</gpxtpx:hr>
</gpxtpx:TrackPointExtension>
</extensions>
</trkpt>
<trkpt lat="46.3193638" lon="13.7190383">
<ele>1552.97</ele>
<time>2026-07-25T16:57:35.200Z</time>
<extensions>
<gpxtpx:TrackPointExtension>
<gpxtpx:hr>117</gpxtpx:hr>
</gpxtpx:TrackPointExtension>
</extensions>
</trkpt>
<trkpt lat="46.3191869" lon="13.7189754">
<ele>1551.66</ele>
<time>2026-07-25T16:57:58.097Z</time>
<extensions>
<gpxtpx:TrackPointExtension>
<gpxtpx:hr>121</gpxtpx:hr>
</gpxtpx:TrackPointExtension>
</extensions>
</trkpt>
<trkpt lat="46.3190135" lon="13.7188882">
<ele>1550.60</ele>
<time>2026-07-25T16:58:20.597Z</time>
<extensions>
<gpxtpx:TrackPointExtension>
<gpxtpx:hr>121</gpxtpx:hr>
</gpxtpx:TrackPointExtension>
</extensions>
</trkpt>
<trkpt lat="46.3188956" lon="13.7186720">
<ele>1544.61</ele>
<time>2026-07-25T16:58:44.717Z</time>
<extensions>
<gpxtpx:TrackPointExtension>
<gpxtpx:hr>125</gpxtpx:hr>
</gpxtpx:TrackPointExtension>
</extensions>
</trkpt>
<trkpt lat="46.3189442" lon="13.7184159">
<ele>1536.33</ele>
<time>2026-07-25T16:59:03.199Z</time>
<extensions>
<gpxtpx:TrackPointExtension>
<gpxtpx:hr>118</gpxtpx:hr>
</gpxtpx:TrackPointExtension>
</extensions>
</trkpt>
<trkpt lat="46.3190475" lon="13.7182014">
<ele>1532.16</ele>
<time>2026-07-25T16:59:39.598Z</time>
<extensions>
<gpxtpx:TrackPointExtension>
<gpxtpx:hr>108</gpxtpx:hr>
</gpxtpx:TrackPointExtension>
</extensions>
</trkpt>
<trkpt lat="46.3192240" lon="13.7181416">
<ele>1530.08</ele>
<time>2026-07-25T17:00:02.617Z</time>
<extensions>
<gpxtpx:TrackPointExtension>
<gpxtpx:hr>99</gpxtpx:hr>
</gpxtpx:TrackPointExtension>
</extensions>
</trkpt>
<trkpt lat="46.3190409" lon="13.7181720">
<ele>1531.80</ele>
<time>2026-07-25T17:02:40.798Z</time>
<extensions>
<gpxtpx:TrackPointExtension>
<gpxtpx:hr>92</gpxtpx:hr>
</gpxtpx:TrackPointExtension>
</extensions>
</trkpt>
<trkpt lat="46.3189119" lon="13.7183641">
<ele>1534.68</ele>
<time>2026-07-25T17:03:01.458Z</time>
<extensions>
<gpxtpx:TrackPointExtension>
<gpxtpx:hr>100</gpxtpx:hr>
</gpxtpx:TrackPointExtension>
</extensions>
</trkpt>
<trkpt lat="46.3187328" lon="13.7183220">
<ele>1533.42</ele>
<time>2026-07-25T17:03:18.240Z</time>
<extensions>
<gpxtpx:TrackPointExtension>
<gpxtpx:hr>103</gpxtpx:hr>
</gpxtpx:TrackPointExtension>
</extensions>
</trkpt>
<trkpt lat="46.3185661" lon="13.7184303">
<ele>1536.96</ele>
<time>2026-07-25T17:03:30.781Z</time>
<extensions>
<gpxtpx:TrackPointExtension>
<gpxtpx:hr>102</gpxtpx:hr>
</gpxtpx:TrackPointExtension>
</extensions>
</trkpt>
<trkpt lat="46.3183960" lon="13.7183254">
<ele>1533.09</ele>
<time>2026-07-25T17:03:42.758Z</time>
<extensions>
<gpxtpx:TrackPointExtension>
<gpxtpx:hr>101</gpxtpx:hr>
</gpxtpx:TrackPointExtension>
</extensions>
</trkpt>
<trkpt lat="46.3182114" lon="13.7183188">
<ele>1531.86</ele>
<time>2026-07-25T17:04:02.859Z</time>
<extensions>
<gpxtpx:TrackPointExtension>
<gpxtpx:hr>107</gpxtpx:hr>
</gpxtpx:TrackPointExtension>
</extensions>
</trkpt>
<trkpt lat="46.3180298" lon="13.7183071">
<ele>1530.10</ele>
<time>2026-07-25T17:04:15.259Z</time>
<extensions>
<gpxtpx:TrackPointExtension>
<gpxtpx:hr>107</gpxtpx:hr>
</gpxtpx:TrackPointExtension>
</extensions>
</trkpt>
<trkpt lat="46.3178868" lon="13.7184748">
<ele>1532.84</ele>
<time>2026-07-25T17:04:29.359Z</time>
<extensions>
<gpxtpx:TrackPointExtension>
<gpxtpx:hr>107</gpxtpx:hr>
</gpxtpx:TrackPointExtension>
</extensions>
</trkpt>
<trkpt lat="46.3177390" lon="13.7183111">
<ele>1527.24</ele>
<time>2026-07-25T17:05:06.699Z</time>
<extensions>
<gpxtpx:TrackPointExtension>
<gpxtpx:hr>116</gpxtpx:hr>
</gpxtpx:TrackPointExtension>
</extensions>
</trkpt>
<trkpt lat="46.3175884" lon="13.7181332">
<ele>1525.07</ele>
<time>2026-07-25T17:05:15.598Z</time>
<extensions>
<gpxtpx:TrackPointExtension>
<gpxtpx:hr>117</gpxtpx:hr>
</gpxtpx:TrackPointExtension>
</extensions>
</trkpt>
<trkpt lat="46.3174586" lon="13.7179414">
<ele>1523.85</ele>
<time>2026-07-25T17:05:29.718Z</time>
<extensions>
<gpxtpx:TrackPointExtension>
<gpxtpx:hr>122</gpxtpx:hr>
</gpxtpx:TrackPointExtension>
</extensions>
</trkpt>
<trkpt lat="46.3174270" lon="13.7176793">
<ele>1523.32</ele>
<time>2026-07-25T17:05:42.400Z</time>
<extensions>
<gpxtpx:TrackPointExtension>
<gpxtpx:hr>113</gpxtpx:hr>
</gpxtpx:TrackPointExtension>
</extensions>
</trkpt>
<trkpt lat="46.3174873" lon="13.7174319">
<ele>1520.53</ele>
<time>2026-07-25T17:05:57.777Z</time>
<extensions>
<gpxtpx:TrackPointExtension>
<gpxtpx:hr>110</gpxtpx:hr>
</gpxtpx:TrackPointExtension>
</extensions>
</trkpt>
<trkpt lat="46.3176302" lon="13.7172736">
<ele>1521.07</ele>
<time>2026-07-25T17:06:17.919Z</time>
<extensions>
<gpxtpx:TrackPointExtension>
<gpxtpx:hr>114</gpxtpx:hr>
</gpxtpx:TrackPointExtension>
</extensions>
</trkpt>
<trkpt lat="46.3176716" lon="13.7170199">
<ele>1519.38</ele>
<time>2026-07-25T17:06:31.209Z</time>
<extensions>
<gpxtpx:TrackPointExtension>
<gpxtpx:hr>108</gpxtpx:hr>
</gpxtpx:TrackPointExtension>
</extensions>
</trkpt>
<trkpt lat="46.3177379" lon="13.7167771">
<ele>1518.47</ele>
<time>2026-07-25T17:06:43.639Z</time>
<extensions>
<gpxtpx:TrackPointExtension>
<gpxtpx:hr>107</gpxtpx:hr>
</gpxtpx:TrackPointExtension>
</extensions>
</trkpt>
<trkpt lat="46.3178040" lon="13.7165213">
<ele>1514.36</ele>
<time>2026-07-25T17:06:59.318Z</time>
<extensions>
<gpxtpx:TrackPointExtension>
<gpxtpx:hr>110</gpxtpx:hr>
</gpxtpx:TrackPointExtension>
</extensions>
</trkpt>
<trkpt lat="46.3178483" lon="13.7162634">
<ele>1507.11</ele>
<time>2026-07-25T17:07:16.180Z</time>
<extensions>
<gpxtpx:TrackPointExtension>
<gpxtpx:hr>109</gpxtpx:hr>
</gpxtpx:TrackPointExtension>
</extensions>
</trkpt>
<trkpt lat="46.3179048" lon="13.7160154">
<ele>1500.20</ele>
<time>2026-07-25T17:07:40.798Z</time>
<extensions>
<gpxtpx:TrackPointExtension>
<gpxtpx:hr>104</gpxtpx:hr>
</gpxtpx:TrackPointExtension>
</extensions>
</trkpt>
<trkpt lat="46.3180505" lon="13.7158560">
<ele>1497.35</ele>
<time>2026-07-25T17:08:00.658Z</time>
<extensions>
<gpxtpx:TrackPointExtension>
<gpxtpx:hr>117</gpxtpx:hr>
</gpxtpx:TrackPointExtension>
</extensions>
</trkpt>
<trkpt lat="46.3182013" lon="13.7157011">
<ele>1495.54</ele>
<time>2026-07-25T17:08:19.838Z</time>
<extensions>
<gpxtpx:TrackPointExtension>
<gpxtpx:hr>120</gpxtpx:hr>
</gpxtpx:TrackPointExtension>
</extensions>
</trkpt>
<trkpt lat="46.3183480" lon="13.7155504">
<ele>1492.80</ele>
<time>2026-07-25T17:08:40.699Z</time>
<extensions>
<gpxtpx:TrackPointExtension>
<gpxtpx:hr>120</gpxtpx:hr>
</gpxtpx:TrackPointExtension>
</extensions>
</trkpt>
<trkpt lat="46.3185246" lon="13.7156214">
<ele>1490.16</ele>
<time>2026-07-25T17:08:51.599Z</time>
<extensions>
<gpxtpx:TrackPointExtension>
<gpxtpx:hr>122</gpxtpx:hr>
</gpxtpx:TrackPointExtension>
</extensions>
</trkpt>
<trkpt lat="46.3187078" lon="13.7156149">
<ele>1485.18</ele>
<time>2026-07-25T17:09:00.920Z</time>
<extensions>
<gpxtpx:TrackPointExtension>
<gpxtpx:hr>133</gpxtpx:hr>
</gpxtpx:TrackPointExtension>
</extensions>
</trkpt>
<trkpt lat="46.3188832" lon="13.7156999">
<ele>1483.14</ele>
<time>2026-07-25T17:09:18.738Z</time>
<extensions>
<gpxtpx:TrackPointExtension>
<gpxtpx:hr>128</gpxtpx:hr>
</gpxtpx:TrackPointExtension>
</extensions>
</trkpt>
<trkpt lat="46.3190053" lon="13.7154959">
<ele>1473.77</ele>
<time>2026-07-25T17:10:08.658Z</time>
<extensions>
<gpxtpx:TrackPointExtension>
<gpxtpx:hr>123</gpxtpx:hr>
</gpxtpx:TrackPointExtension>
</extensions>
</trkpt>
<trkpt lat="46.3191971" lon="13.7155715">
<ele>1469.97</ele>
<time>2026-07-25T17:10:26.224Z</time>
<extensions>
<gpxtpx:TrackPointExtension>
<gpxtpx:hr>131</gpxtpx:hr>
</gpxtpx:TrackPointExtension>
</extensions>
</trkpt>
<trkpt lat="46.3193673" lon="13.7156771">
<ele>1463.06</ele>
<time>2026-07-25T17:10:54.062Z</time>
<extensions>
<gpxtpx:TrackPointExtension>
<gpxtpx:hr>145</gpxtpx:hr>
</gpxtpx:TrackPointExtension>
</extensions>
</trkpt>
<trkpt lat="46.3195483" lon="13.7157090">
<ele>1453.27</ele>
<time>2026-07-25T17:11:04.499Z</time>
<extensions>
<gpxtpx:TrackPointExtension>
<gpxtpx:hr>141</gpxtpx:hr>
</gpxtpx:TrackPointExtension>
</extensions>
</trkpt>
<trkpt lat="46.3197095" lon="13.7158503">
<ele>1448.59</ele>
<time>2026-07-25T17:11:13.639Z</time>
<extensions>
<gpxtpx:TrackPointExtension>
<gpxtpx:hr>147</gpxtpx:hr>
</gpxtpx:TrackPointExtension>
</extensions>
</trkpt>
<trkpt lat="46.3198167" lon="13.7160667">
<ele>1448.87</ele>
<time>2026-07-25T17:11:33.157Z</time>
<extensions>
<gpxtpx:TrackPointExtension>
<gpxtpx:hr>154</gpxtpx:hr>
</gpxtpx:TrackPointExtension>
</extensions>
</trkpt>
<trkpt lat="46.3199861" lon="13.7161650">
<ele>1442.15</ele>
<time>2026-07-25T17:11:46.301Z</time>
<extensions>
<gpxtpx:TrackPointExtension>
<gpxtpx:hr>160</gpxtpx:hr>
</gpxtpx:TrackPointExtension>
</extensions>
</trkpt>
<trkpt lat="46.3201655" lon="13.7161360">
<ele>1435.13</ele>
<time>2026-07-25T17:12:03.997Z</time>
<extensions>
<gpxtpx:TrackPointExtension>
<gpxtpx:hr>159</gpxtpx:hr>
</gpxtpx:TrackPointExtension>
</extensions>
</trkpt>
<trkpt lat="46.3203469" lon="13.7161589">
<ele>1430.26</ele>
<time>2026-07-25T17:12:28.239Z</time>
<extensions>
<gpxtpx:TrackPointExtension>
<gpxtpx:hr>156</gpxtpx:hr>
</gpxtpx:TrackPointExtension>
</extensions>
</trkpt>
<trkpt lat="46.3205299" lon="13.7161295">
<ele>1423.14</ele>
<time>2026-07-25T17:13:00.100Z</time>
<extensions>
<gpxtpx:TrackPointExtension>
<gpxtpx:hr>156</gpxtpx:hr>
</gpxtpx:TrackPointExtension>
</extensions>
</trkpt>
<trkpt lat="46.3207126" lon="13.7161085">
<ele>1416.16</ele>
<time>2026-07-25T17:13:19.165Z</time>
<extensions>
<gpxtpx:TrackPointExtension>
<gpxtpx:hr>154</gpxtpx:hr>
</gpxtpx:TrackPointExtension>
</extensions>
</trkpt>
<trkpt lat="46.3208870" lon="13.7159876">
<ele>1406.56</ele>
<time>2026-07-25T17:13:38.718Z</time>
<extensions>
<gpxtpx:TrackPointExtension>
<gpxtpx:hr>155</gpxtpx:hr>
</gpxtpx:TrackPointExtension>
</extensions>
</trkpt>
<trkpt lat="46.3209171" lon="13.7157121">
<ele>1394.84</ele>
<time>2026-07-25T17:14:12.184Z</time>
<extensions>
<gpxtpx:TrackPointExtension>
<gpxtpx:hr>152</gpxtpx:hr>
</gpxtpx:TrackPointExtension>
</extensions>
</trkpt>
<trkpt lat="46.3210098" lon="13.7154876">
<ele>1388.76</ele>
<time>2026-07-25T17:14:22.718Z</time>
<extensions>
<gpxtpx:TrackPointExtension>
<gpxtpx:hr>149</gpxtpx:hr>
</gpxtpx:TrackPointExtension>
</extensions>
</trkpt>
<trkpt lat="46.3208644" lon="13.7153165">
<ele>1382.27</ele>
<time>2026-07-25T17:14:58.639Z</time>
<extensions>
<gpxtpx:TrackPointExtension>
<gpxtpx:hr>152</gpxtpx:hr>
</gpxtpx:TrackPointExtension>
</extensions>
</trkpt>
<trkpt lat="46.3208838" lon="13.7150102">
<ele>1373.13</ele>
<time>2026-07-25T17:15:15.697Z</time>
<extensions>
<gpxtpx:TrackPointExtension>
<gpxtpx:hr>156</gpxtpx:hr>
</gpxtpx:TrackPointExtension>
</extensions>
</trkpt>
<trkpt lat="46.3209451" lon="13.7147639">
<ele>1365.83</ele>
<time>2026-07-25T17:15:39.998Z</time>
<extensions>
<gpxtpx:TrackPointExtension>
<gpxtpx:hr>154</gpxtpx:hr>
</gpxtpx:TrackPointExtension>
</extensions>
</trkpt>
<trkpt lat="46.3210059" lon="13.7145114">
<ele>1357.13</ele>
<time>2026-07-25T17:16:01.719Z</time>
<extensions>
<gpxtpx:TrackPointExtension>
<gpxtpx:hr>158</gpxtpx:hr>
</gpxtpx:TrackPointExtension>
</extensions>
</trkpt>
<trkpt lat="46.3210667" lon="13.7142620">
<ele>1347.26</ele>
<time>2026-07-25T17:16:21.599Z</time>
<extensions>
<gpxtpx:TrackPointExtension>
<gpxtpx:hr>164</gpxtpx:hr>
</gpxtpx:TrackPointExtension>
</extensions>
</trkpt>
<trkpt lat="46.3210659" lon="13.7139940">
<ele>1338.46</ele>
<time>2026-07-25T17:16:36.454Z</time>
<extensions>
<gpxtpx:TrackPointExtension>
<gpxtpx:hr>161</gpxtpx:hr>
</gpxtpx:TrackPointExtension>
</extensions>
</trkpt>
<trkpt lat="46.3212451" lon="13.7139161">
<ele>1328.34</ele>
<time>2026-07-25T17:16:59.961Z</time>
<extensions>
<gpxtpx:TrackPointExtension>
<gpxtpx:hr>166</gpxtpx:hr>
</gpxtpx:TrackPointExtension>
</extensions>
</trkpt>
<trkpt lat="46.3214227" lon="13.7139586">
<ele>1322.43</ele>
<time>2026-07-25T17:17:08.246Z</time>
<extensions>
<gpxtpx:TrackPointExtension>
<gpxtpx:hr>169</gpxtpx:hr>
</gpxtpx:TrackPointExtension>
</extensions>
</trkpt>
<trkpt lat="46.3213613" lon="13.7136984">
<ele>1315.32</ele>
<time>2026-07-25T17:17:37.940Z</time>
<extensions>
<gpxtpx:TrackPointExtension>
<gpxtpx:hr>166</gpxtpx:hr>
</gpxtpx:TrackPointExtension>
</extensions>
</trkpt>
<trkpt lat="46.3214011" lon="13.7134403">
<ele>1303.75</ele>
<time>2026-07-25T17:17:56.839Z</time>
<extensions>
<gpxtpx:TrackPointExtension>
<gpxtpx:hr>165</gpxtpx:hr>
</gpxtpx:TrackPointExtension>
</extensions>
</trkpt>
<trkpt lat="46.3215103" lon="13.7132307">
<ele>1292.50</ele>
<time>2026-07-25T17:18:09.642Z</time>
<extensions>
<gpxtpx:TrackPointExtension>
<gpxtpx:hr>163</gpxtpx:hr>
</gpxtpx:TrackPointExtension>
</extensions>
</trkpt>
<trkpt lat="46.3215419" lon="13.7129736">
<ele>1287.00</ele>
<time>2026-07-25T17:18:23.199Z</time>
<extensions>
<gpxtpx:TrackPointExtension>
<gpxtpx:hr>162</gpxtpx:hr>
</gpxtpx:TrackPointExtension>
</extensions>
</trkpt>
<trkpt lat="46.3215383" lon="13.7126902">
<ele>1282.89</ele>
<time>2026-07-25T17:18:47.682Z</time>
<extensions>
<gpxtpx:TrackPointExtension>
<gpxtpx:hr>164</gpxtpx:hr>
</gpxtpx:TrackPointExtension>
</extensions>
</trkpt>
<trkpt lat="46.3214859" lon="13.7124400">
<ele>1280.47</ele>
<time>2026-07-25T17:19:07.718Z</time>
<extensions>
<gpxtpx:TrackPointExtension>
<gpxtpx:hr>161</gpxtpx:hr>
</gpxtpx:TrackPointExtension>
</extensions>
</trkpt>
<trkpt lat="46.3215024" lon="13.7121793">
<ele>1270.98</ele>
<time>2026-07-25T17:19:40.677Z</time>
<extensions>
<gpxtpx:TrackPointExtension>
<gpxtpx:hr>157</gpxtpx:hr>
</gpxtpx:TrackPointExtension>
</extensions>
</trkpt>
<trkpt lat="46.3214958" lon="13.7119067">
<ele>1262.24</ele>
<time>2026-07-25T17:19:59.959Z</time>
<extensions>
<gpxtpx:TrackPointExtension>
<gpxtpx:hr>157</gpxtpx:hr>
</gpxtpx:TrackPointExtension>
</extensions>
</trkpt>
<trkpt lat="46.3214564" lon="13.7116510">
<ele>1256.28</ele>
<time>2026-07-25T17:20:19.201Z</time>
<extensions>
<gpxtpx:TrackPointExtension>
<gpxtpx:hr>151</gpxtpx:hr>
</gpxtpx:TrackPointExtension>
</extensions>
</trkpt>
<trkpt lat="46.3214789" lon="13.7113840">
<ele>1249.16</ele>
<time>2026-07-25T17:20:31.601Z</time>
<extensions>
<gpxtpx:TrackPointExtension>
<gpxtpx:hr>156</gpxtpx:hr>
</gpxtpx:TrackPointExtension>
</extensions>
</trkpt>
<trkpt lat="46.3216460" lon="13.7112686">
<ele>1236.64</ele>
<time>2026-07-25T17:20:59.057Z</time>
<extensions>
<gpxtpx:TrackPointExtension>
<gpxtpx:hr>164</gpxtpx:hr>
</gpxtpx:TrackPointExtension>
</extensions>
</trkpt>
<trkpt lat="46.3217849" lon="13.7114382">
<ele>1233.23</ele>
<time>2026-07-25T17:21:15.240Z</time>
<extensions>
<gpxtpx:TrackPointExtension>
<gpxtpx:hr>156</gpxtpx:hr>
</gpxtpx:TrackPointExtension>
</extensions>
</trkpt>
<trkpt lat="46.3218994" lon="13.7112170">
<ele>1222.51</ele>
<time>2026-07-25T17:21:38.858Z</time>
<extensions>
<gpxtpx:TrackPointExtension>
<gpxtpx:hr>160</gpxtpx:hr>
</gpxtpx:TrackPointExtension>
</extensions>
</trkpt>
<trkpt lat="46.3220554" lon="13.7113527">
<ele>1217.86</ele>
<time>2026-07-25T17:22:07.155Z</time>
<extensions>
<gpxtpx:TrackPointExtension>
<gpxtpx:hr>164</gpxtpx:hr>
</gpxtpx:TrackPointExtension>
</extensions>
</trkpt>
<trkpt lat="46.3222263" lon="13.7114428">
<ele>1211.58</ele>
<time>2026-07-25T17:22:16.210Z</time>
<extensions>
<gpxtpx:TrackPointExtension>
<gpxtpx:hr>163</gpxtpx:hr>
</gpxtpx:TrackPointExtension>
</extensions>
</trkpt>
<trkpt lat="46.3222969" lon="13.7111941">
<ele>1201.83</ele>
<time>2026-07-25T17:23:03.961Z</time>
<extensions>
<gpxtpx:TrackPointExtension>
<gpxtpx:hr>156</gpxtpx:hr>
</gpxtpx:TrackPointExtension>
</extensions>
</trkpt>
<trkpt lat="46.3224764" lon="13.7111452">
<ele>1191.44</ele>
<time>2026-07-25T17:23:23.898Z</time>
<extensions>
<gpxtpx:TrackPointExtension>
<gpxtpx:hr>164</gpxtpx:hr>
</gpxtpx:TrackPointExtension>
</extensions>
</trkpt>
<trkpt lat="46.3226257" lon="13.7109929">
<ele>1182.48</ele>
<time>2026-07-25T17:23:40.820Z</time>
<extensions>
<gpxtpx:TrackPointExtension>
<gpxtpx:hr>155</gpxtpx:hr>
</gpxtpx:TrackPointExtension>
</extensions>
</trkpt>
<trkpt lat="46.3227646" lon="13.7108177">
<ele>1172.54</ele>
<time>2026-07-25T17:23:56.898Z</time>
<extensions>
<gpxtpx:TrackPointExtension>
<gpxtpx:hr>151</gpxtpx:hr>
</gpxtpx:TrackPointExtension>
</extensions>
</trkpt>
<trkpt lat="46.3229429" lon="13.7107355">
<ele>1163.40</ele>
<time>2026-07-25T17:24:25.879Z</time>
<extensions>
<gpxtpx:TrackPointExtension>
<gpxtpx:hr>146</gpxtpx:hr>
</gpxtpx:TrackPointExtension>
</extensions>
</trkpt>
<trkpt lat="46.3230479" lon="13.7105133">
<ele>1151.19</ele>
<time>2026-07-25T17:24:53.879Z</time>
<extensions>
<gpxtpx:TrackPointExtension>
<gpxtpx:hr>147</gpxtpx:hr>
</gpxtpx:TrackPointExtension>
</extensions>
</trkpt>
<trkpt lat="46.3230607" lon="13.7102528">
<ele>1140.61</ele>
<time>2026-07-25T17:25:23.721Z</time>
<extensions>
<gpxtpx:TrackPointExtension>
<gpxtpx:hr>148</gpxtpx:hr>
</gpxtpx:TrackPointExtension>
</extensions>
</trkpt>
<trkpt lat="46.3229439" lon="13.7099667">
<ele>1133.83</ele>
<time>2026-07-25T17:25:43.677Z</time>
<extensions>
<gpxtpx:TrackPointExtension>
<gpxtpx:hr>149</gpxtpx:hr>
</gpxtpx:TrackPointExtension>
</extensions>
</trkpt>
<trkpt lat="46.3228270" lon="13.7097680">
<ele>1129.38</ele>
<time>2026-07-25T17:25:59.181Z</time>
<extensions>
<gpxtpx:TrackPointExtension>
<gpxtpx:hr>154</gpxtpx:hr>
</gpxtpx:TrackPointExtension>
</extensions>
</trkpt>
<trkpt lat="46.3227847" lon="13.7095130">
<ele>1119.66</ele>
<time>2026-07-25T17:26:13.252Z</time>
<extensions>
<gpxtpx:TrackPointExtension>
<gpxtpx:hr>150</gpxtpx:hr>
</gpxtpx:TrackPointExtension>
</extensions>
</trkpt>
<trkpt lat="46.3227511" lon="13.7092514">
<ele>1109.54</ele>
<time>2026-07-25T17:26:22.699Z</time>
<extensions>
<gpxtpx:TrackPointExtension>
<gpxtpx:hr>149</gpxtpx:hr>
</gpxtpx:TrackPointExtension>
</extensions>
</trkpt>
<trkpt lat="46.3226203" lon="13.7090694">
<ele>1106.96</ele>
<time>2026-07-25T17:26:41.222Z</time>
<extensions>
<gpxtpx:TrackPointExtension>
<gpxtpx:hr>138</gpxtpx:hr>
</gpxtpx:TrackPointExtension>
</extensions>
</trkpt>
<trkpt lat="46.3224694" lon="13.7089219">
<ele>1107.84</ele>
<time>2026-07-25T17:27:01.662Z</time>
<extensions>
<gpxtpx:TrackPointExtension>
<gpxtpx:hr>135</gpxtpx:hr>
</gpxtpx:TrackPointExtension>
</extensions>
</trkpt>
<trkpt lat="46.3223608" lon="13.7087080">
<ele>1103.84</ele>
<time>2026-07-25T17:27:25.597Z</time>
<extensions>
<gpxtpx:TrackPointExtension>
<gpxtpx:hr>122</gpxtpx:hr>
</gpxtpx:TrackPointExtension>
</extensions>
</trkpt>
<trkpt lat="46.3222864" lon="13.7084595">
<ele>1097.39</ele>
<time>2026-07-25T17:27:41.122Z</time>
<extensions>
<gpxtpx:TrackPointExtension>
<gpxtpx:hr>123</gpxtpx:hr>
</gpxtpx:TrackPointExtension>
</extensions>
</trkpt>
<trkpt lat="46.3224673" lon="13.7083775">
<ele>1079.83</ele>
<time>2026-07-25T17:28:08.780Z</time>
<extensions>
<gpxtpx:TrackPointExtension>
<gpxtpx:hr>126</gpxtpx:hr>
</gpxtpx:TrackPointExtension>
</extensions>
</trkpt>
<trkpt lat="46.3226395" lon="13.7084543">
<ele>1069.30</ele>
<time>2026-07-25T17:28:17.720Z</time>
<extensions>
<gpxtpx:TrackPointExtension>
<gpxtpx:hr>125</gpxtpx:hr>
</gpxtpx:TrackPointExtension>
</extensions>
</trkpt>
<trkpt lat="46.3228034" lon="13.7083394">
<ele>1047.37</ele>
<time>2026-07-25T17:28:39.760Z</time>
<extensions>
<gpxtpx:TrackPointExtension>
<gpxtpx:hr>121</gpxtpx:hr>
</gpxtpx:TrackPointExtension>
</extensions>
</trkpt>
<trkpt lat="46.3229182" lon="13.7086802">
<ele>1061.57</ele>
<time>2026-07-25T17:29:52.580Z</time>
<extensions>
<gpxtpx:TrackPointExtension>
<gpxtpx:hr>110</gpxtpx:hr>
</gpxtpx:TrackPointExtension>
</extensions>
</trkpt>
<trkpt lat="46.3230155" lon="13.7083555">
<ele>1029.08</ele>
<time>2026-07-25T17:30:35.719Z</time>
<extensions>
<gpxtpx:TrackPointExtension>
<gpxtpx:hr>110</gpxtpx:hr>
</gpxtpx:TrackPointExtension>
</extensions>
</trkpt>
<trkpt lat="46.3230118" lon="13.7080938">
<ele>1019.34</ele>
<time>2026-07-25T17:31:53.857Z</time>
<extensions>
<gpxtpx:TrackPointExtension>
<gpxtpx:hr>116</gpxtpx:hr>
</gpxtpx:TrackPointExtension>
</extensions>
</trkpt>
<trkpt lat="46.3230977" lon="13.7078595">
<ele>1004.46</ele>
<time>2026-07-25T17:32:50.819Z</time>
<extensions>
<gpxtpx:TrackPointExtension>
<gpxtpx:hr>117</gpxtpx:hr>
</gpxtpx:TrackPointExtension>
</extensions>
</trkpt>
<trkpt lat="46.3232772" lon="13.7078925">
<ele>991.33</ele>
<time>2026-07-25T17:33:16.501Z</time>
<extensions>
<gpxtpx:TrackPointExtension>
<gpxtpx:hr>123</gpxtpx:hr>
</gpxtpx:TrackPointExtension>
</extensions>
</trkpt>
<trkpt lat="46.3234605" lon="13.7079235">
<ele>985.26</ele>
<time>2026-07-25T17:33:47.098Z</time>
<extensions>
<gpxtpx:TrackPointExtension>
<gpxtpx:hr>133</gpxtpx:hr>
</gpxtpx:TrackPointExtension>
</extensions>
</trkpt>
<trkpt lat="46.3236362" lon="13.7080415">
<ele>986.14</ele>
<time>2026-07-25T17:33:59.921Z</time>
<extensions>
<gpxtpx:TrackPointExtension>
<gpxtpx:hr>129</gpxtpx:hr>
</gpxtpx:TrackPointExtension>
</extensions>
</trkpt>
<trkpt lat="46.3238195" lon="13.7080562">
<ele>984.03</ele>
<time>2026-07-25T17:34:26.659Z</time>
<extensions>
<gpxtpx:TrackPointExtension>
<gpxtpx:hr>126</gpxtpx:hr>
</gpxtpx:TrackPointExtension>
</extensions>
</trkpt>
<trkpt lat="46.3239888" lon="13.7079574">
<ele>976.86</ele>
<time>2026-07-25T17:34:39.820Z</time>
<extensions>
<gpxtpx:TrackPointExtension>
<gpxtpx:hr>124</gpxtpx:hr>
</gpxtpx:TrackPointExtension>
</extensions>
</trkpt>
<trkpt lat="46.3241678" lon="13.7078824">
<ele>969.67</ele>
<time>2026-07-25T17:35:12.917Z</time>
<extensions>
<gpxtpx:TrackPointExtension>
<gpxtpx:hr>133</gpxtpx:hr>
</gpxtpx:TrackPointExtension>
</extensions>
</trkpt>
<trkpt lat="46.3243338" lon="13.7077735">
<ele>966.85</ele>
<time>2026-07-25T17:35:33.538Z</time>
<extensions>
<gpxtpx:TrackPointExtension>
<gpxtpx:hr>122</gpxtpx:hr>
</gpxtpx:TrackPointExtension>
</extensions>
</trkpt>
<trkpt lat="46.3242593" lon="13.7075354">
<ele>952.68</ele>
<time>2026-07-25T17:35:59.341Z</time>
<extensions>
<gpxtpx:TrackPointExtension>
<gpxtpx:hr>123</gpxtpx:hr>
</gpxtpx:TrackPointExtension>
</extensions>
</trkpt>
<trkpt lat="46.3240929" lon="13.7074148">
<ele>947.80</ele>
<time>2026-07-25T17:36:21.959Z</time>
<extensions>
<gpxtpx:TrackPointExtension>
<gpxtpx:hr>125</gpxtpx:hr>
</gpxtpx:TrackPointExtension>
</extensions>
</trkpt>
<trkpt lat="46.3242382" lon="13.7072469">
<ele>938.62</ele>
<time>2026-07-25T17:36:46.659Z</time>
<extensions>
<gpxtpx:TrackPointExtension>
<gpxtpx:hr>127</gpxtpx:hr>
</gpxtpx:TrackPointExtension>
</extensions>
</trkpt>
<trkpt lat="46.3241860" lon="13.7069971">
<ele>926.33</ele>
<time>2026-07-25T17:37:07.019Z</time>
<extensions>
<gpxtpx:TrackPointExtension>
<gpxtpx:hr>125</gpxtpx:hr>
</gpxtpx:TrackPointExtension>
</extensions>
</trkpt>
<trkpt lat="46.3240287" lon="13.7068532">
<ele>927.10</ele>
<time>2026-07-25T17:37:25.180Z</time>
<extensions>
<gpxtpx:TrackPointExtension>
<gpxtpx:hr>123</gpxtpx:hr>
</gpxtpx:TrackPointExtension>
</extensions>
</trkpt>
<trkpt lat="46.3239195" lon="13.7066379">
<ele>925.74</ele>
<time>2026-07-25T17:37:44.780Z</time>
<extensions>
<gpxtpx:TrackPointExtension>
<gpxtpx:hr>125</gpxtpx:hr>
</gpxtpx:TrackPointExtension>
</extensions>
</trkpt>
<trkpt lat="46.3238313" lon="13.7064095">
<ele>928.76</ele>
<time>2026-07-25T17:38:02.800Z</time>
<extensions>
<gpxtpx:TrackPointExtension>
<gpxtpx:hr>136</gpxtpx:hr>
</gpxtpx:TrackPointExtension>
</extensions>
</trkpt>
<trkpt lat="46.3239282" lon="13.7061783">
<ele>918.99</ele>
<time>2026-07-25T17:38:23.199Z</time>
<extensions>
<gpxtpx:TrackPointExtension>
<gpxtpx:hr>140</gpxtpx:hr>
</gpxtpx:TrackPointExtension>
</extensions>
</trkpt>
<trkpt lat="46.3240211" lon="13.7059543">
<ele>908.36</ele>
<time>2026-07-25T17:38:45.938Z</time>
<extensions>
<gpxtpx:TrackPointExtension>
<gpxtpx:hr>138</gpxtpx:hr>
</gpxtpx:TrackPointExtension>
</extensions>
</trkpt>
<trkpt lat="46.3241165" lon="13.7057292">
<ele>893.94</ele>
<time>2026-07-25T17:39:08.501Z</time>
<extensions>
<gpxtpx:TrackPointExtension>
<gpxtpx:hr>126</gpxtpx:hr>
</gpxtpx:TrackPointExtension>
</extensions>
</trkpt>
<trkpt lat="46.3240576" lon="13.7054664">
<ele>889.73</ele>
<time>2026-07-25T17:39:28.041Z</time>
<extensions>
<gpxtpx:TrackPointExtension>
<gpxtpx:hr>119</gpxtpx:hr>
</gpxtpx:TrackPointExtension>
</extensions>
</trkpt>
<trkpt lat="46.3240170" lon="13.7052112">
<ele>885.76</ele>
<time>2026-07-25T17:39:51.172Z</time>
<extensions>
<gpxtpx:TrackPointExtension>
<gpxtpx:hr>118</gpxtpx:hr>
</gpxtpx:TrackPointExtension>
</extensions>
</trkpt>
<trkpt lat="46.3240504" lon="13.7049482">
<ele>871.89</ele>
<time>2026-07-25T17:40:07.859Z</time>
<extensions>
<gpxtpx:TrackPointExtension>
<gpxtpx:hr>116</gpxtpx:hr>
</gpxtpx:TrackPointExtension>
</extensions>
</trkpt>
<trkpt lat="46.3240585" lon="13.7046808">
<ele>862.32</ele>
<time>2026-07-25T17:40:34.900Z</time>
<extensions>
<gpxtpx:TrackPointExtension>
<gpxtpx:hr>114</gpxtpx:hr>
</gpxtpx:TrackPointExtension>
</extensions>
</trkpt>
<trkpt lat="46.3240596" lon="13.7044172">
<ele>853.95</ele>
<time>2026-07-25T17:40:49.861Z</time>
<extensions>
<gpxtpx:TrackPointExtension>
<gpxtpx:hr>116</gpxtpx:hr>
</gpxtpx:TrackPointExtension>
</extensions>
</trkpt>
<trkpt lat="46.3240791" lon="13.7041448">
<ele>845.25</ele>
<time>2026-07-25T17:41:09.798Z</time>
<extensions>
<gpxtpx:TrackPointExtension>
<gpxtpx:hr>111</gpxtpx:hr>
</gpxtpx:TrackPointExtension>
</extensions>
</trkpt>
<trkpt lat="46.3240941" lon="13.7038797">
<ele>843.32</ele>
<time>2026-07-25T17:41:28.417Z</time>
<extensions>
<gpxtpx:TrackPointExtension>
<gpxtpx:hr>111</gpxtpx:hr>
</gpxtpx:TrackPointExtension>
</extensions>
</trkpt>
<trkpt lat="46.3241342" lon="13.7036227">
<ele>840.56</ele>
<time>2026-07-25T17:41:47.182Z</time>
<extensions>
<gpxtpx:TrackPointExtension>
<gpxtpx:hr>108</gpxtpx:hr>
</gpxtpx:TrackPointExtension>
</extensions>
</trkpt>
<trkpt lat="46.3241770" lon="13.7033621">
<ele>838.06</ele>
<time>2026-07-25T17:42:21.502Z</time>
<extensions>
<gpxtpx:TrackPointExtension>
<gpxtpx:hr>115</gpxtpx:hr>
</gpxtpx:TrackPointExtension>
</extensions>
</trkpt>
<trkpt lat="46.3243009" lon="13.7031551">
<ele>834.27</ele>
<time>2026-07-25T17:42:33.198Z</time>
<extensions>
<gpxtpx:TrackPointExtension>
<gpxtpx:hr>112</gpxtpx:hr>
</gpxtpx:TrackPointExtension>
</extensions>
</trkpt>
<trkpt lat="46.3243754" lon="13.7029087">
<ele>830.00</ele>
<time>2026-07-25T17:42:50.021Z</time>
<extensions>
<gpxtpx:TrackPointExtension>
<gpxtpx:hr>125</gpxtpx:hr>
</gpxtpx:TrackPointExtension>
</extensions>
</trkpt>
<trkpt lat="46.3244777" lon="13.7026843">
<ele>825.75</ele>
<time>2026-07-25T17:43:04.153Z</time>
<extensions>
<gpxtpx:TrackPointExtension>
<gpxtpx:hr>139</gpxtpx:hr>
</gpxtpx:TrackPointExtension>
</extensions>
</trkpt>
<trkpt lat="46.3246048" lon="13.7024904">
<ele>821.66</ele>
<time>2026-07-25T17:43:19.461Z</time>
<extensions>
<gpxtpx:TrackPointExtension>
<gpxtpx:hr>138</gpxtpx:hr>
</gpxtpx:TrackPointExtension>
</extensions>
</trkpt>
<trkpt lat="46.3247242" lon="13.7022772">
<ele>817.62</ele>
<time>2026-07-25T17:43:31.958Z</time>
<extensions>
<gpxtpx:TrackPointExtension>
<gpxtpx:hr>138</gpxtpx:hr>
</gpxtpx:TrackPointExtension>
</extensions>
</trkpt>
<trkpt lat="46.3248657" lon="13.7021120">
<ele>814.33</ele>
<time>2026-07-25T17:43:43.192Z</time>
<extensions>
<gpxtpx:TrackPointExtension>
<gpxtpx:hr>137</gpxtpx:hr>
</gpxtpx:TrackPointExtension>
</extensions>
</trkpt>
<trkpt lat="46.3250112" lon="13.7019433">
<ele>811.47</ele>
<time>2026-07-25T17:43:55.241Z</time>
<extensions>
<gpxtpx:TrackPointExtension>
<gpxtpx:hr>138</gpxtpx:hr>
</gpxtpx:TrackPointExtension>
</extensions>
</trkpt>
<trkpt lat="46.3251538" lon="13.7017771">
<ele>810.82</ele>
<time>2026-07-25T17:44:08.245Z</time>
<extensions>
<gpxtpx:TrackPointExtension>
<gpxtpx:hr>134</gpxtpx:hr>
</gpxtpx:TrackPointExtension>
</extensions>
</trkpt>
<trkpt lat="46.3252631" lon="13.7015658">
<ele>808.33</ele>
<time>2026-07-25T17:44:22.699Z</time>
<extensions>
<gpxtpx:TrackPointExtension>
<gpxtpx:hr>134</gpxtpx:hr>
</gpxtpx:TrackPointExtension>
</extensions>
</trkpt>
<trkpt lat="46.3254026" lon="13.7013949">
<ele>806.37</ele>
<time>2026-07-25T17:44:47.420Z</time>
<extensions>
<gpxtpx:TrackPointExtension>
<gpxtpx:hr>134</gpxtpx:hr>
</gpxtpx:TrackPointExtension>
</extensions>
</trkpt>
<trkpt lat="46.3255025" lon="13.7011680">
<ele>802.87</ele>
<time>2026-07-25T17:45:04.489Z</time>
<extensions>
<gpxtpx:TrackPointExtension>
<gpxtpx:hr>142</gpxtpx:hr>
</gpxtpx:TrackPointExtension>
</extensions>
</trkpt>
<trkpt lat="46.3255448" lon="13.7009122">
<ele>798.41</ele>
<time>2026-07-25T17:45:17.720Z</time>
<extensions>
<gpxtpx:TrackPointExtension>
<gpxtpx:hr>142</gpxtpx:hr>
</gpxtpx:TrackPointExtension>
</extensions>
</trkpt>
<trkpt lat="46.3256126" lon="13.7006613">
<ele>793.01</ele>
<time>2026-07-25T17:45:32.179Z</time>
<extensions>
<gpxtpx:TrackPointExtension>
<gpxtpx:hr>140</gpxtpx:hr>
</gpxtpx:TrackPointExtension>
</extensions>
</trkpt>
<trkpt lat="46.3256744" lon="13.7004145">
<ele>787.47</ele>
<time>2026-07-25T17:45:47.150Z</time>
<extensions>
<gpxtpx:TrackPointExtension>
<gpxtpx:hr>135</gpxtpx:hr>
</gpxtpx:TrackPointExtension>
</extensions>
</trkpt>
<trkpt lat="46.3256419" lon="13.7001356">
<ele>780.97</ele>
<time>2026-07-25T17:46:02.243Z</time>
<extensions>
<gpxtpx:TrackPointExtension>
<gpxtpx:hr>140</gpxtpx:hr>
</gpxtpx:TrackPointExtension>
</extensions>
</trkpt>
<trkpt lat="46.3258164" lon="13.7000345">
<ele>779.65</ele>
<time>2026-07-25T17:46:35.961Z</time>
<extensions>
<gpxtpx:TrackPointExtension>
<gpxtpx:hr>101</gpxtpx:hr>
</gpxtpx:TrackPointExtension>
</extensions>
</trkpt>
<trkpt lat="46.3258242" lon="13.6997688">
<ele>776.42</ele>
<time>2026-07-25T17:47:19.138Z</time>
<extensions>
<gpxtpx:TrackPointExtension>
<gpxtpx:hr>116</gpxtpx:hr>
</gpxtpx:TrackPointExtension>
</extensions>
</trkpt>
<trkpt lat="46.3258291" lon="13.6995079">
<ele>773.63</ele>
<time>2026-07-25T17:47:39.247Z</time>
<extensions>
<gpxtpx:TrackPointExtension>
<gpxtpx:hr>114</gpxtpx:hr>
</gpxtpx:TrackPointExtension>
</extensions>
</trkpt>
<trkpt lat="46.3258985" lon="13.6992591">
<ele>772.74</ele>
<time>2026-07-25T17:47:57.218Z</time>
<extensions>
<gpxtpx:TrackPointExtension>
<gpxtpx:hr>109</gpxtpx:hr>
</gpxtpx:TrackPointExtension>
</extensions>
</trkpt>
<trkpt lat="46.3259688" lon="13.6990147">
<ele>769.53</ele>
<time>2026-07-25T17:48:16.960Z</time>
<extensions>
<gpxtpx:TrackPointExtension>
<gpxtpx:hr>103</gpxtpx:hr>
</gpxtpx:TrackPointExtension>
</extensions>
</trkpt>
<trkpt lat="46.3260185" lon="13.6987570">
<ele>763.80</ele>
<time>2026-07-25T17:48:35.061Z</time>
<extensions>
<gpxtpx:TrackPointExtension>
<gpxtpx:hr>119</gpxtpx:hr>
</gpxtpx:TrackPointExtension>
</extensions>
</trkpt>
<trkpt lat="46.3260674" lon="13.6985033">
<ele>757.64</ele>
<time>2026-07-25T17:48:52.498Z</time>
<extensions>
<gpxtpx:TrackPointExtension>
<gpxtpx:hr>125</gpxtpx:hr>
</gpxtpx:TrackPointExtension>
</extensions>
</trkpt>
<trkpt lat="46.3259680" lon="13.6982852">
<ele>751.06</ele>
<time>2026-07-25T17:49:25.441Z</time>
<extensions>
<gpxtpx:TrackPointExtension>
<gpxtpx:hr>106</gpxtpx:hr>
</gpxtpx:TrackPointExtension>
</extensions>
</trkpt>
<trkpt lat="46.3257917" lon="13.6982137">
<ele>747.72</ele>
<time>2026-07-25T17:49:37.541Z</time>
<extensions>
<gpxtpx:TrackPointExtension>
<gpxtpx:hr>105</gpxtpx:hr>
</gpxtpx:TrackPointExtension>
</extensions>
</trkpt>
<trkpt lat="46.3256105" lon="13.6981459">
<ele>742.96</ele>
<time>2026-07-25T17:49:45.581Z</time>
<extensions>
<gpxtpx:TrackPointExtension>
<gpxtpx:hr>109</gpxtpx:hr>
</gpxtpx:TrackPointExtension>
</extensions>
</trkpt>
<trkpt lat="46.3254272" lon="13.6981102">
<ele>738.64</ele>
<time>2026-07-25T17:49:52.740Z</time>
<extensions>
<gpxtpx:TrackPointExtension>
<gpxtpx:hr>103</gpxtpx:hr>
</gpxtpx:TrackPointExtension>
</extensions>
</trkpt>
<trkpt lat="46.3252576" lon="13.6982323">
<ele>739.44</ele>
<time>2026-07-25T17:50:02.243Z</time>
<extensions>
<gpxtpx:TrackPointExtension>
<gpxtpx:hr>111</gpxtpx:hr>
</gpxtpx:TrackPointExtension>
</extensions>
</trkpt>
<trkpt lat="46.3251239" lon="13.6984234">
<ele>742.65</ele>
<time>2026-07-25T17:50:11.600Z</time>
<extensions>
<gpxtpx:TrackPointExtension>
<gpxtpx:hr>122</gpxtpx:hr>
</gpxtpx:TrackPointExtension>
</extensions>
</trkpt>
<trkpt lat="46.3250224" lon="13.6986520">
<ele>745.84</ele>
<time>2026-07-25T17:50:20.917Z</time>
<extensions>
<gpxtpx:TrackPointExtension>
<gpxtpx:hr>129</gpxtpx:hr>
</gpxtpx:TrackPointExtension>
</extensions>
</trkpt>
<trkpt lat="46.3248408" lon="13.6986479">
<ele>746.08</ele>
<time>2026-07-25T17:50:32.222Z</time>
<extensions>
<gpxtpx:TrackPointExtension>
<gpxtpx:hr>135</gpxtpx:hr>
</gpxtpx:TrackPointExtension>
</extensions>
</trkpt>
<trkpt lat="46.3246605" lon="13.6986473">
<ele>746.83</ele>
<time>2026-07-25T17:50:45.206Z</time>
<extensions>
<gpxtpx:TrackPointExtension>
<gpxtpx:hr>135</gpxtpx:hr>
</gpxtpx:TrackPointExtension>
</extensions>
</trkpt>
<trkpt lat="46.3244014" lon="13.6985798">
<ele>746.77</ele>
<time>2026-07-25T17:50:58.820Z</time>
<extensions>
<gpxtpx:TrackPointExtension>
<gpxtpx:hr>142</gpxtpx:hr>
</gpxtpx:TrackPointExtension>
</extensions>
</trkpt>
<trkpt lat="46.3243723" lon="13.6983204">
<ele>742.57</ele>
<time>2026-07-25T17:51:10.798Z</time>
<extensions>
<gpxtpx:TrackPointExtension>
<gpxtpx:hr>146</gpxtpx:hr>
</gpxtpx:TrackPointExtension>
</extensions>
</trkpt>
<trkpt lat="46.3243670" lon="13.6980495">
<ele>738.45</ele>
<time>2026-07-25T17:51:21.227Z</time>
<extensions>
<gpxtpx:TrackPointExtension>
<gpxtpx:hr>155</gpxtpx:hr>
</gpxtpx:TrackPointExtension>
</extensions>
</trkpt>
<trkpt lat="46.3243425" lon="13.6977724">
<ele>734.82</ele>
<time>2026-07-25T17:51:29.920Z</time>
<extensions>
<gpxtpx:TrackPointExtension>
<gpxtpx:hr>157</gpxtpx:hr>
</gpxtpx:TrackPointExtension>
</extensions>
</trkpt>
<trkpt lat="46.3242636" lon="13.6975121">
<ele>733.77</ele>
<time>2026-07-25T17:51:37.557Z</time>
<extensions>
<gpxtpx:TrackPointExtension>
<gpxtpx:hr>158</gpxtpx:hr>
</gpxtpx:TrackPointExtension>
</extensions>
</trkpt>
<trkpt lat="46.3242162" lon="13.6972504">
<ele>735.84</ele>
<time>2026-07-25T17:51:44.218Z</time>
<extensions>
<gpxtpx:TrackPointExtension>
<gpxtpx:hr>160</gpxtpx:hr>
</gpxtpx:TrackPointExtension>
</extensions>
</trkpt>
<trkpt lat="46.3242804" lon="13.6969942">
<ele>734.09</ele>
<time>2026-07-25T17:51:52.559Z</time>
<extensions>
<gpxtpx:TrackPointExtension>
<gpxtpx:hr>161</gpxtpx:hr>
</gpxtpx:TrackPointExtension>
</extensions>
</trkpt>
<trkpt lat="46.3243489" lon="13.6967430">
<ele>732.08</ele>
<time>2026-07-25T17:52:01.171Z</time>
<extensions>
<gpxtpx:TrackPointExtension>
<gpxtpx:hr>160</gpxtpx:hr>
</gpxtpx:TrackPointExtension>
</extensions>
</trkpt>
<trkpt lat="46.3244396" lon="13.6965107">
<ele>729.79</ele>
<time>2026-07-25T17:52:08.838Z</time>
<extensions>
<gpxtpx:TrackPointExtension>
<gpxtpx:hr>160</gpxtpx:hr>
</gpxtpx:TrackPointExtension>
</extensions>
</trkpt>
<trkpt lat="46.3245417" lon="13.6962758">
<ele>727.23</ele>
<time>2026-07-25T17:52:16.857Z</time>
<extensions>
<gpxtpx:TrackPointExtension>
<gpxtpx:hr>161</gpxtpx:hr>
</gpxtpx:TrackPointExtension>
</extensions>
</trkpt>
<trkpt lat="46.3246576" lon="13.6960660">
<ele>723.79</ele>
<time>2026-07-25T17:52:24.841Z</time>
<extensions>
<gpxtpx:TrackPointExtension>
<gpxtpx:hr>160</gpxtpx:hr>
</gpxtpx:TrackPointExtension>
</extensions>
</trkpt>
<trkpt lat="46.3247995" lon="13.6958968">
<ele>718.90</ele>
<time>2026-07-25T17:52:32.262Z</time>
<extensions>
<gpxtpx:TrackPointExtension>
<gpxtpx:hr>162</gpxtpx:hr>
</gpxtpx:TrackPointExtension>
</extensions>
</trkpt>
<trkpt lat="46.3249633" lon="13.6957577">
<ele>713.16</ele>
<time>2026-07-25T17:52:40.537Z</time>
<extensions>
<gpxtpx:TrackPointExtension>
<gpxtpx:hr>163</gpxtpx:hr>
</gpxtpx:TrackPointExtension>
</extensions>
</trkpt>
<trkpt lat="46.3251173" lon="13.6956146">
<ele>709.70</ele>
<time>2026-07-25T17:52:47.178Z</time>
<extensions>
<gpxtpx:TrackPointExtension>
<gpxtpx:hr>164</gpxtpx:hr>
</gpxtpx:TrackPointExtension>
</extensions>
</trkpt>
<trkpt lat="46.3252445" lon="13.6954098">
<ele>707.12</ele>
<time>2026-07-25T17:52:55.217Z</time>
<extensions>
<gpxtpx:TrackPointExtension>
<gpxtpx:hr>161</gpxtpx:hr>
</gpxtpx:TrackPointExtension>
</extensions>
</trkpt>
<trkpt lat="46.3253459" lon="13.6951622">
<ele>704.71</ele>
<time>2026-07-25T17:53:04.660Z</time>
<extensions>
<gpxtpx:TrackPointExtension>
<gpxtpx:hr>163</gpxtpx:hr>
</gpxtpx:TrackPointExtension>
</extensions>
</trkpt>
<trkpt lat="46.3254286" lon="13.6949058">
<ele>701.54</ele>
<time>2026-07-25T17:53:12.719Z</time>
<extensions>
<gpxtpx:TrackPointExtension>
<gpxtpx:hr>159</gpxtpx:hr>
</gpxtpx:TrackPointExtension>
</extensions>
</trkpt>
<trkpt lat="46.3255172" lon="13.6946703">
<ele>697.26</ele>
<time>2026-07-25T17:53:21.478Z</time>
<extensions>
<gpxtpx:TrackPointExtension>
<gpxtpx:hr>159</gpxtpx:hr>
</gpxtpx:TrackPointExtension>
</extensions>
</trkpt>
<trkpt lat="46.3254510" lon="13.6944190">
<ele>698.32</ele>
<time>2026-07-25T17:53:30.981Z</time>
<extensions>
<gpxtpx:TrackPointExtension>
<gpxtpx:hr>159</gpxtpx:hr>
</gpxtpx:TrackPointExtension>
</extensions>
</trkpt>
<trkpt lat="46.3253321" lon="13.6941935">
<ele>700.41</ele>
<time>2026-07-25T17:53:39.040Z</time>
<extensions>
<gpxtpx:TrackPointExtension>
<gpxtpx:hr>156</gpxtpx:hr>
</gpxtpx:TrackPointExtension>
</extensions>
</trkpt>
<trkpt lat="46.3252774" lon="13.6939136">
<ele>702.49</ele>
<time>2026-07-25T17:53:45.937Z</time>
<extensions>
<gpxtpx:TrackPointExtension>
<gpxtpx:hr>155</gpxtpx:hr>
</gpxtpx:TrackPointExtension>
</extensions>
</trkpt>
<trkpt lat="46.3252970" lon="13.6936219">
<ele>702.84</ele>
<time>2026-07-25T17:53:52.578Z</time>
<extensions>
<gpxtpx:TrackPointExtension>
<gpxtpx:hr>155</gpxtpx:hr>
</gpxtpx:TrackPointExtension>
</extensions>
</trkpt>
<trkpt lat="46.3254298" lon="13.6934384">
<ele>699.35</ele>
<time>2026-07-25T17:53:58.801Z</time>
<extensions>
<gpxtpx:TrackPointExtension>
<gpxtpx:hr>156</gpxtpx:hr>
</gpxtpx:TrackPointExtension>
</extensions>
</trkpt>
<trkpt lat="46.3255793" lon="13.6932711">
<ele>696.91</ele>
<time>2026-07-25T17:54:07.242Z</time>
<extensions>
<gpxtpx:TrackPointExtension>
<gpxtpx:hr>154</gpxtpx:hr>
</gpxtpx:TrackPointExtension>
</extensions>
</trkpt>
<trkpt lat="46.3257481" lon="13.6931805">
<ele>694.34</ele>
<time>2026-07-25T17:54:15.221Z</time>
<extensions>
<gpxtpx:TrackPointExtension>
<gpxtpx:hr>153</gpxtpx:hr>
</gpxtpx:TrackPointExtension>
</extensions>
</trkpt>
<trkpt lat="46.3259324" lon="13.6931382">
<ele>690.22</ele>
<time>2026-07-25T17:54:26.857Z</time>
<extensions>
<gpxtpx:TrackPointExtension>
<gpxtpx:hr>154</gpxtpx:hr>
</gpxtpx:TrackPointExtension>
</extensions>
</trkpt>
<trkpt lat="46.3261280" lon="13.6930605">
<ele>687.18</ele>
<time>2026-07-25T17:54:35.741Z</time>
<extensions>
<gpxtpx:TrackPointExtension>
<gpxtpx:hr>155</gpxtpx:hr>
</gpxtpx:TrackPointExtension>
</extensions>
</trkpt>
<trkpt lat="46.3263104" lon="13.6929547">
<ele>685.04</ele>
<time>2026-07-25T17:54:42.820Z</time>
<extensions>
<gpxtpx:TrackPointExtension>
<gpxtpx:hr>156</gpxtpx:hr>
</gpxtpx:TrackPointExtension>
</extensions>
</trkpt>
<trkpt lat="46.3264656" lon="13.6928060">
<ele>684.49</ele>
<time>2026-07-25T17:54:52.821Z</time>
<extensions>
<gpxtpx:TrackPointExtension>
<gpxtpx:hr>157</gpxtpx:hr>
</gpxtpx:TrackPointExtension>
</extensions>
</trkpt>
<trkpt lat="46.3266073" lon="13.6926180">
<ele>684.97</ele>
<time>2026-07-25T17:55:04.200Z</time>
<extensions>
<gpxtpx:TrackPointExtension>
<gpxtpx:hr>156</gpxtpx:hr>
</gpxtpx:TrackPointExtension>
</extensions>
</trkpt>
<trkpt lat="46.3267743" lon="13.6925036">
<ele>680.63</ele>
<time>2026-07-25T17:55:13.719Z</time>
<extensions>
<gpxtpx:TrackPointExtension>
<gpxtpx:hr>158</gpxtpx:hr>
</gpxtpx:TrackPointExtension>
</extensions>
</trkpt>
<trkpt lat="46.3269564" lon="13.6924712">
<ele>672.22</ele>
<time>2026-07-25T17:55:19.182Z</time>
<extensions>
<gpxtpx:TrackPointExtension>
<gpxtpx:hr>158</gpxtpx:hr>
</gpxtpx:TrackPointExtension>
</extensions>
</trkpt>
<trkpt lat="46.3271111" lon="13.6923303">
<ele>666.88</ele>
<time>2026-07-25T17:55:25.521Z</time>
<extensions>
<gpxtpx:TrackPointExtension>
<gpxtpx:hr>157</gpxtpx:hr>
</gpxtpx:TrackPointExtension>
</extensions>
</trkpt>
<trkpt lat="46.3272689" lon="13.6921708">
<ele>661.62</ele>
<time>2026-07-25T17:55:33.620Z</time>
<extensions>
<gpxtpx:TrackPointExtension>
<gpxtpx:hr>156</gpxtpx:hr>
</gpxtpx:TrackPointExtension>
</extensions>
</trkpt>
<trkpt lat="46.3274340" lon="13.6920508">
<ele>655.30</ele>
<time>2026-07-25T17:55:42.223Z</time>
<extensions>
<gpxtpx:TrackPointExtension>
<gpxtpx:hr>155</gpxtpx:hr>
</gpxtpx:TrackPointExtension>
</extensions>
</trkpt>
<trkpt lat="46.3275804" lon="13.6918893">
<ele>653.50</ele>
<time>2026-07-25T17:55:49.467Z</time>
<extensions>
<gpxtpx:TrackPointExtension>
<gpxtpx:hr>152</gpxtpx:hr>
</gpxtpx:TrackPointExtension>
</extensions>
</trkpt>
<trkpt lat="46.3277433" lon="13.6917771">
<ele>652.97</ele>
<time>2026-07-25T17:55:55.660Z</time>
<extensions>
<gpxtpx:TrackPointExtension>
<gpxtpx:hr>151</gpxtpx:hr>
</gpxtpx:TrackPointExtension>
</extensions>
</trkpt>
<trkpt lat="46.3279179" lon="13.6916705">
<ele>651.93</ele>
<time>2026-07-25T17:56:02.144Z</time>
<extensions>
<gpxtpx:TrackPointExtension>
<gpxtpx:hr>151</gpxtpx:hr>
</gpxtpx:TrackPointExtension>
</extensions>
</trkpt>
<trkpt lat="46.3281079" lon="13.6915986">
<ele>650.03</ele>
<time>2026-07-25T17:56:09.520Z</time>
<extensions>
<gpxtpx:TrackPointExtension>
<gpxtpx:hr>148</gpxtpx:hr>
</gpxtpx:TrackPointExtension>
</extensions>
</trkpt>
<trkpt lat="46.3282936" lon="13.6915320">
<ele>648.04</ele>
<time>2026-07-25T17:56:17.539Z</time>
<extensions>
<gpxtpx:TrackPointExtension>
<gpxtpx:hr>146</gpxtpx:hr>
</gpxtpx:TrackPointExtension>
</extensions>
</trkpt>
<trkpt lat="46.3284730" lon="13.6914351">
<ele>646.99</ele>
<time>2026-07-25T17:56:26.222Z</time>
<extensions>
<gpxtpx:TrackPointExtension>
<gpxtpx:hr>143</gpxtpx:hr>
</gpxtpx:TrackPointExtension>
</extensions>
</trkpt>
<trkpt lat="46.3286575" lon="13.6913454">
<ele>645.97</ele>
<time>2026-07-25T17:56:33.582Z</time>
<extensions>
<gpxtpx:TrackPointExtension>
<gpxtpx:hr>138</gpxtpx:hr>
</gpxtpx:TrackPointExtension>
</extensions>
</trkpt>
<trkpt lat="46.3288385" lon="13.6912802">
<ele>644.72</ele>
<time>2026-07-25T17:56:41.837Z</time>
<extensions>
<gpxtpx:TrackPointExtension>
<gpxtpx:hr>139</gpxtpx:hr>
</gpxtpx:TrackPointExtension>
</extensions>
</trkpt>
<trkpt lat="46.3290272" lon="13.6912054">
<ele>643.49</ele>
<time>2026-07-25T17:56:49.801Z</time>
<extensions>
<gpxtpx:TrackPointExtension>
<gpxtpx:hr>141</gpxtpx:hr>
</gpxtpx:TrackPointExtension>
</extensions>
</trkpt>
<trkpt lat="46.3292078" lon="13.6910913">
<ele>642.93</ele>
<time>2026-07-25T17:56:58.257Z</time>
<extensions>
<gpxtpx:TrackPointExtension>
<gpxtpx:hr>139</gpxtpx:hr>
</gpxtpx:TrackPointExtension>
</extensions>
</trkpt>
<trkpt lat="46.3293999" lon="13.6910458">
<ele>642.03</ele>
<time>2026-07-25T17:57:05.617Z</time>
<extensions>
<gpxtpx:TrackPointExtension>
<gpxtpx:hr>138</gpxtpx:hr>
</gpxtpx:TrackPointExtension>
</extensions>
</trkpt>
<trkpt lat="46.3295941" lon="13.6910616">
<ele>640.51</ele>
<time>2026-07-25T17:57:14.678Z</time>
<extensions>
<gpxtpx:TrackPointExtension>
<gpxtpx:hr>132</gpxtpx:hr>
</gpxtpx:TrackPointExtension>
</extensions>
</trkpt>
<trkpt lat="46.3297616" lon="13.6911685">
<ele>638.53</ele>
<time>2026-07-25T17:57:22.219Z</time>
<extensions>
<gpxtpx:TrackPointExtension>
<gpxtpx:hr>131</gpxtpx:hr>
</gpxtpx:TrackPointExtension>
</extensions>
</trkpt>
<trkpt lat="46.3299308" lon="13.6912629">
<ele>636.83</ele>
<time>2026-07-25T17:57:29.177Z</time>
<extensions>
<gpxtpx:TrackPointExtension>
<gpxtpx:hr>132</gpxtpx:hr>
</gpxtpx:TrackPointExtension>
</extensions>
</trkpt>
<trkpt lat="46.3301098" lon="13.6913539">
<ele>634.79</ele>
<time>2026-07-25T17:57:37.227Z</time>
<extensions>
<gpxtpx:TrackPointExtension>
<gpxtpx:hr>131</gpxtpx:hr>
</gpxtpx:TrackPointExtension>
</extensions>
</trkpt>
<trkpt lat="46.3302829" lon="13.6914396">
<ele>632.49</ele>
<time>2026-07-25T17:57:44.239Z</time>
<extensions>
<gpxtpx:TrackPointExtension>
<gpxtpx:hr>134</gpxtpx:hr>
</gpxtpx:TrackPointExtension>
</extensions>
</trkpt>
<trkpt lat="46.3304368" lon="13.6915853">
<ele>629.87</ele>
<time>2026-07-25T17:57:51.981Z</time>
<extensions>
<gpxtpx:TrackPointExtension>
<gpxtpx:hr>133</gpxtpx:hr>
</gpxtpx:TrackPointExtension>
</extensions>
</trkpt>
<trkpt lat="46.3306170" lon="13.6916526">
<ele>627.45</ele>
<time>2026-07-25T17:58:00.167Z</time>
<extensions>
<gpxtpx:TrackPointExtension>
<gpxtpx:hr>133</gpxtpx:hr>
</gpxtpx:TrackPointExtension>
</extensions>
</trkpt>
<trkpt lat="46.3307948" lon="13.6915932">
<ele>626.03</ele>
<time>2026-07-25T17:58:08.215Z</time>
<extensions>
<gpxtpx:TrackPointExtension>
<gpxtpx:hr>132</gpxtpx:hr>
</gpxtpx:TrackPointExtension>
</extensions>
</trkpt>
<trkpt lat="46.3309493" lon="13.6914418">
<ele>625.12</ele>
<time>2026-07-25T17:58:16.038Z</time>
<extensions>
<gpxtpx:TrackPointExtension>
<gpxtpx:hr>134</gpxtpx:hr>
</gpxtpx:TrackPointExtension>
</extensions>
</trkpt>
<trkpt lat="46.3310854" lon="13.6912704">
<ele>624.54</ele>
<time>2026-07-25T17:58:23.619Z</time>
<extensions>
<gpxtpx:TrackPointExtension>
<gpxtpx:hr>134</gpxtpx:hr>
</gpxtpx:TrackPointExtension>
</extensions>
</trkpt>
<trkpt lat="46.3312281" lon="13.6910855">
<ele>624.05</ele>
<time>2026-07-25T17:58:31.698Z</time>
<extensions>
<gpxtpx:TrackPointExtension>
<gpxtpx:hr>136</gpxtpx:hr>
</gpxtpx:TrackPointExtension>
</extensions>
</trkpt>
<trkpt lat="46.3313567" lon="13.6908922">
<ele>623.92</ele>
<time>2026-07-25T17:58:39.818Z</time>
<extensions>
<gpxtpx:TrackPointExtension>
<gpxtpx:hr>137</gpxtpx:hr>
</gpxtpx:TrackPointExtension>
</extensions>
</trkpt>
<trkpt lat="46.3314799" lon="13.6906985">
<ele>623.91</ele>
<time>2026-07-25T17:58:46.921Z</time>
<extensions>
<gpxtpx:TrackPointExtension>
<gpxtpx:hr>136</gpxtpx:hr>
</gpxtpx:TrackPointExtension>
</extensions>
</trkpt>
<trkpt lat="46.3316112" lon="13.6905196">
<ele>623.23</ele>
<time>2026-07-25T17:58:54.196Z</time>
<extensions>
<gpxtpx:TrackPointExtension>
<gpxtpx:hr>140</gpxtpx:hr>
</gpxtpx:TrackPointExtension>
</extensions>
</trkpt>
<trkpt lat="46.3317631" lon="13.6903604">
<ele>621.97</ele>
<time>2026-07-25T17:59:01.641Z</time>
<extensions>
<gpxtpx:TrackPointExtension>
<gpxtpx:hr>140</gpxtpx:hr>
</gpxtpx:TrackPointExtension>
</extensions>
</trkpt>
<trkpt lat="46.3318891" lon="13.6901614">
<ele>621.58</ele>
<time>2026-07-25T17:59:09.188Z</time>
<extensions>
<gpxtpx:TrackPointExtension>
<gpxtpx:hr>141</gpxtpx:hr>
</gpxtpx:TrackPointExtension>
</extensions>
</trkpt>
<trkpt lat="46.3320382" lon="13.6899757">
<ele>620.79</ele>
<time>2026-07-25T17:59:18.180Z</time>
<extensions>
<gpxtpx:TrackPointExtension>
<gpxtpx:hr>142</gpxtpx:hr>
</gpxtpx:TrackPointExtension>
</extensions>
</trkpt>
<trkpt lat="46.3321346" lon="13.6897535">
<ele>620.54</ele>
<time>2026-07-25T17:59:37.164Z</time>
<extensions>
<gpxtpx:TrackPointExtension>
<gpxtpx:hr>132</gpxtpx:hr>
</gpxtpx:TrackPointExtension>
</extensions>
</trkpt>
</trkseg>
</trk>
</gpx>
